seed,path,layer,matrix_shape,matrix_rows,matrix_cols,elements,frobenius_norm,spectral_norm,stable_rank,effective_rank_entropy,rank_90_energy,rank_95_energy,rank_99_energy,rank_995_energy,rank_999_energy,rank_384_relative_error,rank_320_relative_error,rank_256_relative_error,rank_192_relative_error,rank_160_relative_error,rank_128_relative_error,rank_96_relative_error,rank_64_relative_error
seed1,layers.m_wk,0,"[512, 512]",512,512,262144,38.3156753493,14.545162708,6.93930221581,26.7300884448,23,73,243,297,385,0.0316575002085,0.0590837231979,0.0923278880117,0.131410031768,0.153324304887,0.176877319609,0.202554003607,0.231393472203
seed1,layers.m_wk,1,"[512, 512]",512,512,262144,40.6313944182,20.4905490515,3.93202493072,21.1837363686,26,67,223,277,370,0.0267917081518,0.050795238783,0.0813560156586,0.118717707263,0.140461953577,0.164595280043,0.192446318893,0.22723742204
seed1,layers.m_wk,2,"[512, 512]",512,512,262144,40.8771313886,18.6179178614,4.82057231249,27.5235758355,31,75,227,281,372,0.0271565696357,0.0520819571127,0.0834087886009,0.12182823989,0.144414404801,0.170001517962,0.199643450058,0.23779554999
seed1,layers.m_wk,3,"[512, 512]",512,512,262144,42.2508950554,17.1521655832,6.06783700193,35.6648015615,38,79,227,280,372,0.0273311287848,0.0518456076235,0.0830888578866,0.121967511995,0.145026274839,0.171469981273,0.20275636539,0.246029579666
seed1,layers.m_wk,4,"[512, 512]",512,512,262144,42.4169159401,20.4316286009,4.30994974284,29.23284764,36,74,213,266,359,0.0234194737072,0.0460512377939,0.0755331714774,0.113305995661,0.136104760832,0.162529116986,0.194864258831,0.23895337266
seed1,layers.m_wk,5,"[512, 512]",512,512,262144,42.8082137245,16.1462657054,7.02926671723,44.2838704022,45,88,230,282,372,0.0272680942093,0.0523505503346,0.0843702873162,0.125011243861,0.14915138802,0.177289556924,0.212218698681,0.262528302455
seed1,layers.m_wk,6,"[512, 512]",512,512,262144,43.3205805805,11.0302475772,15.4247458123,76.0815085967,72,116,246,294,379,0.0296865938673,0.0570630214609,0.0930004697839,0.140091089419,0.169838388725,0.20650121772,0.256587270457,0.340273004195
seed1,layers.m_wk,7,"[512, 512]",512,512,262144,44.9967400778,15.5319233905,8.39289177112,52.5245282404,50,88,226,278,370,0.0266788443844,0.0510391347946,0.0823288049766,0.122175420113,0.146322284488,0.175013992126,0.211883633834,0.27074999559
seed1,layers.m_wk,8,"[512, 512]",512,512,262144,43.3195106553,15.5342927926,7.77649883275,49.9821765018,52,89,209,259,351,0.0214301476467,0.0428460756765,0.0720379258265,0.111518781252,0.137180621448,0.168920509727,0.210839959058,0.276590032305
seed1,layers.m_wk,9,"[512, 512]",512,512,262144,43.9251955572,13.9365239114,9.93387014935,56.7854277921,55,97,232,283,373,0.0275900102934,0.0527647367392,0.0853051068017,0.126966706603,0.152802362828,0.183845133261,0.223708846192,0.285841121363
seed1,layers.m_wk,10,"[512, 512]",512,512,262144,43.5625095987,14.9556570396,8.48427598825,58.6196583442,59,98,227,278,367,0.0258661505639,0.0501927895224,0.0822867003951,0.123921754211,0.150320845895,0.182717900998,0.226006313986,0.296299188666
seed1,layers.m_wk,11,"[512, 512]",512,512,262144,47.4027700458,10.8438665921,19.1090505836,118.071188047,102,139,248,293,376,0.0283775884845,0.0558568769574,0.0937636846777,0.148361712269,0.188208227985,0.245691221047,0.333337246452,0.47415766934
seed1,layers.m_wq,0,"[512, 512]",512,512,262144,37.5241107065,16.6044854222,5.10704841145,22.9432155783,20,73,245,298,386,0.0321734205008,0.059769004843,0.0931308913659,0.132322910844,0.154099955246,0.177623483958,0.203289811732,0.231654733412
seed1,layers.m_wq,1,"[512, 512]",512,512,262144,39.5405164601,19.7128597817,4.02332772139,20.8195696979,28,82,245,298,386,0.0322689815921,0.0596474426193,0.0933843834037,0.133542447491,0.156281416613,0.181277996771,0.209455807796,0.243419137455
seed1,layers.m_wq,2,"[512, 512]",512,512,262144,40.3319379679,18.2095424195,4.90569016772,25.1393806148,30,82,244,297,385,0.0317524726507,0.0591660863018,0.0928106377167,0.132680987376,0.155529378278,0.180635277646,0.208982489836,0.24370737308
seed1,layers.m_wq,3,"[512, 512]",512,512,262144,41.9344737656,22.1557832163,3.58235136867,26.726953462,34,77,238,292,382,0.0307899190113,0.0570815009637,0.0894127944917,0.127838727211,0.149963707309,0.174557847657,0.203119003887,0.240554969049
seed1,layers.m_wq,4,"[512, 512]",512,512,262144,42.0569913712,18.8675672847,4.96872073248,29.1287313269,35,85,242,295,384,0.0314126345893,0.0585371337049,0.0916946265411,0.13180021564,0.154862442625,0.180664604345,0.210683555918,0.250180964686
seed1,layers.m_wq,5,"[512, 512]",512,512,262144,42.9012511982,19.6359263619,4.77350220256,37.6274732841,42,87,240,294,383,0.0310467475748,0.0577028552351,0.0904513663435,0.130458592848,0.153872752523,0.180329963994,0.212228528535,0.257735042918
seed1,layers.m_wq,6,"[512, 512]",512,512,262144,42.4043472665,14.4779916856,8.57835706174,64.461300459,66,109,247,297,384,0.0314150493608,0.0590167076053,0.093989290123,0.138289456032,0.165533565258,0.198770323495,0.244273882808,0.321272266361
seed1,layers.m_wq,7,"[512, 512]",512,512,262144,44.9229546618,17.5946834217,6.51889088231,46.614702982,48,86,232,286,377,0.029128582183,0.0545752916288,0.0861287555259,0.124993602596,0.148093707978,0.175272360451,0.209518004975,0.26467939271
seed1,layers.m_wq,8,"[512, 512]",512,512,262144,43.5680028786,15.8259914965,7.57867789494,51.4317701403,56,101,243,295,383,0.030909552472,0.0579711076384,0.0916506765017,0.133823784884,0.159378214004,0.189961523303,0.229531139328,0.290635928066
seed1,layers.m_wq,9,"[512, 512]",512,512,262144,43.7911262796,15.1671118037,8.33616791284,54.325209597,53,96,239,292,381,0.0302035839369,0.0567675274591,0.0899013439723,0.130881168335,0.155640605696,0.184945010107,0.22272363177,0.280987614678
seed1,layers.m_wq,10,"[512, 512]",512,512,262144,43.4087806728,16.8587883781,6.62983096231,54.7350180383,59,102,242,293,382,0.0306912194134,0.0575025141082,0.0909969479219,0.133180947511,0.159157546714,0.190438995602,0.23244171416,0.299759735853
seed1,layers.m_wq,11,"[512, 512]",512,512,262144,47.1617056184,8.8057350495,28.684532624,117.362403123,97,135,247,294,380,0.0300895349203,0.0571996760502,0.0933846964686,0.144625747399,0.181546874321,0.23553820372,0.319601676062,0.46003186138
seed1,layers.m_wv,0,"[512, 512]",512,512,262144,42.808778208,8.80925214358,23.6149801199,102.298824889,91,131,267,316,396,0.0363964537937,0.0682370026189,0.107096636704,0.155498664597,0.185405284473,0.227080614459,0.299254158016,0.427291582901
seed1,layers.m_wv,1,"[512, 512]",512,512,262144,43.7435811959,7.48335369155,34.1693034491,169.629846082,176,235,344,378,432,0.0652056183976,0.122669498545,0.195451665604,0.288234603429,0.344184714772,0.40971360984,0.487982117516,0.58587553572
seed1,layers.m_wv,2,"[512, 512]",512,512,262144,44.2733151544,10.6503898906,17.2803713934,153.702172599,172,232,342,376,432,0.064102547606,0.120833158507,0.192462007582,0.282300002378,0.336451724145,0.399731437928,0.475618085035,0.57075506668
seed1,layers.m_wv,3,"[512, 512]",512,512,262144,45.153908574,8.03493696132,31.580990787,188.155521916,189,248,352,384,437,0.0705392577741,0.13270903651,0.211501485234,0.309541962384,0.368230773899,0.436226575777,0.516878136869,0.61583532182
seed1,layers.m_wv,4,"[512, 512]",512,512,262144,44.9869859564,7.54202216206,35.5793644428,192.110889324,196,255,358,389,440,0.075189229879,0.140511608394,0.221752195082,0.322370661554,0.381741447087,0.449171798424,0.527956806087,0.622880001163
seed1,layers.m_wv,5,"[512, 512]",512,512,262144,45.5078339328,7.4269805886,37.5446233242,195.974947201,198,257,360,391,441,0.0763477655893,0.142439573094,0.224839431958,0.32578400261,0.385944667452,0.454186999027,0.533047110178,0.629773650878
seed1,layers.m_wv,6,"[512, 512]",512,512,262144,46.1191858915,7.29089294336,40.0130652458,206.9146264,203,261,362,392,442,0.0779791066008,0.145630872523,0.230505127086,0.335181553588,0.396702333455,0.466945719068,0.548222401655,0.645802883774
seed1,layers.m_wv,7,"[512, 512]",512,512,262144,46.578642194,7.80665880986,35.599446926,187.450080973,188,247,352,384,437,0.0706110548885,0.132905525375,0.21075574446,0.308628314021,0.367384327578,0.434581547749,0.514676302906,0.614977295041
seed1,layers.m_wv,8,"[512, 512]",512,512,262144,46.2233612052,7.66876442347,36.3305733411,223.776797297,215,273,369,398,446,0.0837416890597,0.157133792217,0.248269538935,0.358349748633,0.422430485135,0.494455608389,0.576651864598,0.67325989658
seed1,layers.m_wv,9,"[512, 512]",512,512,262144,45.9302260024,7.65978689402,35.9553723441,211.208201848,207,265,364,394,443,0.0799179106975,0.149723199664,0.236444849268,0.34224398801,0.404750483953,0.475538424208,0.55666154879,0.653835895594
seed1,layers.m_wv,10,"[512, 512]",512,512,262144,45.8776819662,8.89129426908,26.6239791706,195.451985669,200,259,360,391,441,0.0761701067089,0.142615398117,0.226572413184,0.329029409564,0.389731807845,0.458017196104,0.536623187834,0.631384606128
seed1,layers.m_wv,11,"[512, 512]",512,512,262144,46.2071180537,11.5231415211,16.0796271154,200.31336822,206,264,364,394,443,0.0791336337335,0.148398544312,0.234653730358,0.340336402202,0.402277948674,0.47193980774,0.552799941433,0.651342023469
seed1,layers.m_w_read,0,"[512, 512]",512,512,262144,41.6446211267,24.6763896103,2.84809580047,37.8345751776,70,100,209,264,364,0.0250827368568,0.0468775724174,0.0744127784383,0.110213059607,0.134269114174,0.170261370422,0.231774253237,0.336357314244
seed1,layers.m_w_read,1,"[512, 512]",512,512,262144,45.931750445,15.3830027335,8.91546005854,130.996505032,162,222,333,369,427,0.0590315127813,0.111599375732,0.179061737669,0.265770045004,0.319091756312,0.381444982029,0.455801872264,0.55091878002
seed1,layers.m_w_read,2,"[512, 512]",512,512,262144,46.4867859882,14.1099832389,10.8544056023,139.355483092,171,231,341,375,432,0.0636835911878,0.119532119343,0.190545148377,0.280473497567,0.334810097559,0.397869499706,0.473444951504,0.567314917407
seed1,layers.m_w_read,3,"[512, 512]",512,512,262144,48.5964676095,13.4320011268,13.0896479285,161.947339503,183,243,349,382,436,0.0685631934682,0.128698066483,0.205311002176,0.30089543241,0.358064246599,0.423998258741,0.502047806127,0.597549996476
seed1,layers.m_w_read,4,"[512, 512]",512,512,262144,48.3617116702,10.0195584393,23.2973305518,189.95852692,197,256,358,389,440,0.0748437262575,0.140348547667,0.222652498051,0.324582291003,0.385137516279,0.454350891202,0.534477643618,0.630812596319
seed1,layers.m_w_read,5,"[512, 512]",512,512,262144,49.2619374191,11.2779552251,19.079291539,198.409550763,206,264,364,394,442,0.0792801216421,0.14876645025,0.23526660158,0.341387256205,0.403735331664,0.473667967515,0.553743754032,0.648793164324
seed1,layers.m_w_read,6,"[512, 512]",512,512,262144,50.4027599583,12.6637156186,15.8411365616,202.390896825,210,268,367,396,444,0.0818644737705,0.152510045911,0.240420617909,0.34815343494,0.411058897021,0.482131602117,0.563595793529,0.658517320978
seed1,layers.m_w_read,7,"[512, 512]",512,512,262144,51.1636191797,11.5698093919,19.5555532477,196.518033351,205,263,362,393,442,0.0780349966439,0.146443012092,0.232883633234,0.338831757166,0.400966914389,0.471214918991,0.551798418332,0.647372508905
seed1,layers.m_w_read,8,"[512, 512]",512,512,262144,49.868021271,11.8489917211,17.7125659396,203.364548057,211,269,367,397,444,0.0823816020061,0.153688757182,0.242179217915,0.349808943279,0.412359456712,0.481883448817,0.561374600815,0.65513825585
seed1,layers.m_w_read,9,"[512, 512]",512,512,262144,50.6258476433,11.9701872195,17.8872150988,206.717713136,214,271,369,398,445,0.0839399145882,0.155663424262,0.245520731712,0.354731138685,0.418359866191,0.489484033635,0.570455181388,0.665235414838
seed1,layers.m_w_read,10,"[512, 512]",512,512,262144,50.8151879898,11.6121236019,19.1497793104,202.060058113,213,271,368,397,444,0.0830416487671,0.155470142733,0.245217738367,0.354179587647,0.417437147281,0.488289472761,0.568310046323,0.661044962981
seed1,layers.m_w_read,11,"[512, 512]",512,512,262144,50.7391519759,14.873799506,11.637040954,174.468985376,207,266,366,395,443,0.0812140328226,0.151196303711,0.237385446794,0.342275586177,0.403155973612,0.470858090638,0.547171731564,0.636188040775
seed1,layers.m_w_out,0,"[512, 512]",512,512,262144,43.1425907285,18.1002256357,5.68125737888,70.9272191639,78,104,204,260,360,0.0241758558161,0.0453779874993,0.0722545404761,0.107381248225,0.132041581615,0.17141192064,0.245389661303,0.379594671175
seed1,layers.m_w_out,1,"[512, 512]",512,512,262144,42.174751921,20.4680946314,4.24570916173,100.213205415,174,234,343,377,433,0.0650206419604,0.12183010648,0.19372960718,0.285038897215,0.340220409138,0.402926180661,0.477037039623,0.566520159347
seed1,layers.m_w_out,2,"[512, 512]",512,512,262144,43.3903332358,20.3008407545,4.56833477314,107.219185751,181,242,349,382,435,0.0683297961502,0.128269793685,0.203563756952,0.29693478068,0.351764736636,0.413754291537,0.486070994139,0.57300557254
seed1,layers.m_w_out,3,"[512, 512]",512,512,262144,44.1638063133,18.5066826793,5.6947653791,136.555003572,194,254,357,389,440,0.0744409791666,0.138803326401,0.219475770117,0.31887744388,0.377426984827,0.444266661564,0.520828051545,0.611173671941
seed1,layers.m_w_out,4,"[512, 512]",512,512,262144,44.8892355637,17.1250463493,6.8710151829,150.448761157,201,260,361,391,441,0.0769186331362,0.144337388678,0.228087987658,0.330236597942,0.389633925853,0.456193853944,0.531185157448,0.619198132103
seed1,layers.m_w_out,5,"[512, 512]",512,512,262144,44.8352341103,17.1044168016,6.87103786362,162.968861083,211,269,366,396,443,0.0811114216992,0.152996982805,0.241677098226,0.34885887513,0.410699617091,0.47975491124,0.557083372567,0.646179236051
seed1,layers.m_w_out,6,"[512, 512]",512,512,262144,45.6439585024,15.0843334078,9.15618075604,196.098353726,220,277,372,401,447,0.0869002733139,0.161907209795,0.254728964836,0.367283916231,0.43199283352,0.503454847246,0.584010732912,0.677068663674
seed1,layers.m_w_out,7,"[512, 512]",512,512,262144,45.4225432845,15.591308429,8.48746055834,187.458214079,219,276,371,399,446,0.0853237441887,0.160212159255,0.253435351511,0.364926635507,0.42928657481,0.500165270859,0.579830719278,0.671207400719
seed1,layers.m_w_out,8,"[512, 512]",512,512,262144,45.80061373,15.3622456024,8.88859640438,195.897699543,222,278,373,401,447,0.0877514098992,0.163835096242,0.257956582925,0.371555541351,0.436827357393,0.508699598723,0.588661487943,0.68012917115
seed1,layers.m_w_out,9,"[512, 512]",512,512,262144,45.429587143,15.5020181465,8.58817920784,193.862601666,224,280,374,402,448,0.0889705467583,0.165869221015,0.260523316209,0.374479718822,0.439388291582,0.510647599299,0.589633543954,0.680463949319
seed1,layers.m_w_out,10,"[512, 512]",512,512,262144,44.8779726825,15.8475764089,8.01937922181,189.43557851,225,281,375,403,448,0.0899134118238,0.167379293136,0.262674275059,0.376134529686,0.440857084431,0.512109042071,0.59136372583,0.681056021909
seed1,layers.m_w_out,11,"[512, 512]",512,512,262144,44.2985200138,16.3976667703,7.29817580533,170.85462322,220,277,373,401,447,0.0873450579855,0.163146349569,0.255605070889,0.365724174502,0.428527228129,0.497789772466,0.575104619756,0.662486054844
seed1,layers.m_proj_w,0,"[512, 1024]",512,1024,524288,44.757891457,8.59587645295,27.1118346918,214.327903312,235,311,432,462,498,0.145736235484,0.212621905704,0.288496483168,0.377750065722,0.42960004137,0.488110962837,0.556401348186,0.642935963093
seed1,layers.m_proj_w,1,"[512, 1024]",512,1024,524288,51.6877986923,6.4558851355,64.1009526234,314.092722982,296,362,458,480,504,0.194236736909,0.281160005952,0.375860032409,0.482222147075,0.54090065494,0.604497577257,0.674981500139,0.754751753188
seed1,layers.m_proj_w,2,"[512, 1024]",512,1024,524288,52.0557953608,7.15441192004,52.9407744638,301.504638895,293,360,458,480,504,0.192366873601,0.277346051983,0.370096314552,0.474748340956,0.532599595428,0.595699625287,0.664976832083,0.743166863872
seed1,layers.m_proj_w,3,"[512, 1024]",512,1024,524288,55.4797272473,6.96031599326,63.5346616103,315.62430071,298,365,460,481,504,0.197055636918,0.28393548636,0.379164569382,0.485019156837,0.5437484349,0.607409586376,0.677038395134,0.755786375946
seed1,layers.m_proj_w,4,"[512, 1024]",512,1024,524288,55.5007438205,6.67126764332,69.211917014,316.357861917,300,366,460,481,504,0.19911813071,0.28660233948,0.381760813111,0.487929042748,0.546359941141,0.609523711268,0.678651506061,0.755757824793
seed1,layers.m_proj_w,5,"[512, 1024]",512,1024,524288,56.2366067252,7.08448564096,63.0117537058,314.620445666,300,366,461,482,505,0.19955511152,0.286753810216,0.381853660511,0.487525312495,0.545531403208,0.608395112697,0.676766587193,0.753577764309
seed1,layers.m_proj_w,6,"[512, 1024]",512,1024,524288,59.6728345378,7.49360066111,63.4121158977,316.411873211,301,367,461,482,505,0.200337263247,0.287850780248,0.383036371633,0.48860052673,0.546917632959,0.609771403194,0.678480097286,0.756360426847
seed1,layers.m_proj_w,7,"[512, 1024]",512,1024,524288,59.743723355,8.07768028682,54.7030133998,301.741178097,295,363,459,481,504,0.195183158553,0.280781761575,0.373805046459,0.477575594762,0.534844620904,0.59665304542,0.664428758222,0.741119809102
seed1,layers.m_proj_w,8,"[512, 1024]",512,1024,524288,60.1684515956,6.83357262065,77.5250477649,329.993675222,305,370,463,483,505,0.204518527579,0.293700297189,0.390523704932,0.498354371764,0.55776666762,0.62175751536,0.69175085141,0.76996530369
seed1,layers.m_proj_w,9,"[512, 1024]",512,1024,524288,59.6820842114,7.76846629172,59.0224714787,317.124893016,300,367,461,482,505,0.200047123155,0.287280611808,0.382336296877,0.488314597559,0.546634410954,0.609686959377,0.678673830319,0.75615340218
seed1,layers.m_proj_w,10,"[512, 1024]",512,1024,524288,59.2084155406,8.10004416467,53.4308526546,301.439534458,295,362,459,480,504,0.1946215828,0.279516393899,0.37268120876,0.476777599158,0.534105121497,0.595722705489,0.663270264605,0.739772934242
seed1,layers.m_proj_w,11,"[512, 1024]",512,1024,524288,59.9816456171,7.31570719319,67.2239648824,308.687554584,292,360,458,480,504,0.19241444035,0.276734654968,0.369616429875,0.474004219165,0.531859733384,0.594801838541,0.664986943118,0.74612696574
seed2,layers.m_wk,0,"[512, 512]",512,512,262144,38.0598012804,14.9633937868,6.4695313581,26.0660421566,23,74,244,297,386,0.0320032858526,0.0592949502116,0.092636839273,0.131919390898,0.153861115359,0.177701419066,0.20383959233,0.233026565023
seed2,layers.m_wk,1,"[512, 512]",512,512,262144,40.4412938959,15.6179746204,6.70502897241,31.863784184,33,79,234,287,377,0.0288590185366,0.0547382200408,0.0871883868897,0.126658969887,0.149569415445,0.175339858771,0.205030403747,0.243282943697
seed2,layers.m_wk,2,"[512, 512]",512,512,262144,42.4535694653,14.9607070852,8.05237853659,36.8413629414,34,77,233,287,378,0.0293573721985,0.0548869187414,0.0867915393728,0.125673969666,0.148232976399,0.173332419725,0.202659980082,0.240174318135
seed2,layers.m_wk,3,"[512, 512]",512,512,262144,42.4599667569,14.1358135493,9.02230871473,43.8854956674,42,81,222,275,366,0.0253517679794,0.0493720186512,0.0803822561794,0.119419727086,0.142939582631,0.170301122842,0.203894136166,0.252246230388
seed2,layers.m_wk,4,"[512, 512]",512,512,262144,41.7773217017,23.1141621401,3.26681753426,25.2675728488,35,70,204,258,354,0.0223733552397,0.0434887560464,0.0712050257663,0.107128249752,0.129121452996,0.154924543655,0.187086689559,0.232740799188
seed2,layers.m_wk,5,"[512, 512]",512,512,262144,43.225411957,15.1122049205,8.18130557521,55.0028798601,55,93,217,267,357,0.022910531435,0.045683521944,0.0764045422901,0.117294309905,0.14318158468,0.174975639675,0.217874722874,0.286228880157
seed2,layers.m_wk,6,"[512, 512]",512,512,262144,42.3227897748,14.7867998213,8.19219322476,49.4412687321,54,99,233,283,372,0.0273372666806,0.0525533486944,0.0857015650753,0.128710379689,0.155095711669,0.186913107926,0.226873903699,0.28629572597
seed2,layers.m_wk,7,"[512, 512]",512,512,262144,44.4308138539,13.9654280175,10.1218532285,51.6276960848,52,93,224,274,364,0.0247001254675,0.0485470911814,0.0801124191426,0.121741958909,0.147436267989,0.178410332159,0.218412658653,0.278716942459
seed2,layers.m_wk,8,"[512, 512]",512,512,262144,46.992032935,10.3555940565,20.5919953728,100.943601659,86,124,245,293,378,0.0291506628982,0.0564458854707,0.0926039784203,0.141220375722,0.173680281047,0.216905135935,0.284243401008,0.405542339452
seed2,layers.m_wk,9,"[512, 512]",512,512,262144,44.3116846421,14.3337258231,9.55692849754,45.5238120244,42,78,217,270,364,0.0249290917934,0.047809047053,0.0777565997458,0.115790399199,0.138779768266,0.165654392856,0.198584724937,0.247302515031
seed2,layers.m_wk,10,"[512, 512]",512,512,262144,43.2795894886,12.8907856368,11.2721690309,67.7559664687,66,109,235,285,373,0.0274885983498,0.0530449948984,0.0866712008256,0.13148099967,0.160217605006,0.195993384317,0.244423798315,0.321932323152
seed2,layers.m_wk,11,"[512, 512]",512,512,262144,45.4397181905,14.9853730717,9.194669846,68.7311739068,67,110,239,288,375,0.0282742285222,0.0544177055305,0.0887700975895,0.133940924064,0.162419762676,0.197976936861,0.245830252154,0.325716238827
seed2,layers.m_wq,0,"[512, 512]",512,512,262144,36.8594930206,17.0652535909,4.66523174679,21.2065543218,20,78,247,300,387,0.0327022680629,0.0605888738019,0.0946285716328,0.134592778615,0.157030866901,0.181275051652,0.207592329935,0.236538763936
seed2,layers.m_wq,1,"[512, 512]",512,512,262144,39.5306057995,18.7340997173,4.45247289847,26.1044124591,30,85,248,300,387,0.0325825884196,0.0605822751815,0.0948045074938,0.135050380687,0.158038708427,0.183380605569,0.211776472252,0.246413504462
seed2,layers.m_wq,2,"[512, 512]",512,512,262144,42.0803656919,17.6112127455,5.70926870951,30.6837094623,30,73,237,291,381,0.0302966628466,0.0566771633274,0.0887642412118,0.12686710873,0.148521434832,0.172373762608,0.199629460426,0.233231617605
seed2,layers.m_wq,3,"[512, 512]",512,512,262144,41.6335074676,16.4868438753,6.376919719,36.9966217054,38,85,245,298,385,0.0319318986868,0.0593724288961,0.0931310460194,0.133356555444,0.156403037602,0.1818493728,0.211557334192,0.250922836883
seed2,layers.m_wq,4,"[512, 512]",512,512,262144,45.0884780628,24.9061501047,3.27731322116,28.6998664437,40,85,236,290,380,0.0300645063505,0.0559904633286,0.088143842032,0.127055268292,0.150091761897,0.176751094106,0.209202787936,0.254888296385
seed2,layers.m_wq,5,"[512, 512]",512,512,262144,42.5981379636,16.3666203595,6.77428110752,51.9579347259,56,100,244,296,384,0.0314184581889,0.0586495370702,0.092377882889,0.134651335495,0.159984150309,0.190017641548,0.228972178625,0.290317102364
seed2,layers.m_wq,6,"[512, 512]",512,512,262144,41.6321863464,17.427393841,5.70681173701,42.9402239301,50,98,244,295,383,0.0311437413469,0.0582092928512,0.0923661642298,0.13464124283,0.159761968333,0.189173420268,0.226227059604,0.280161261669
seed2,layers.m_wq,7,"[512, 512]",512,512,262144,43.5682604219,18.2787662927,5.68128635465,42.1532410624,47,92,239,292,381,0.0304767973917,0.0568965159533,0.0898909750653,0.130410065894,0.154534499573,0.182686864615,0.217813478136,0.268893321069
seed2,layers.m_wq,8,"[512, 512]",512,512,262144,46.8146486105,10.0217869866,21.8209272174,96.4274290971,81,117,241,292,380,0.030019004132,0.056642229641,0.0904795753696,0.13525345519,0.164917259594,0.205033976711,0.268568609212,0.386430033965
seed2,layers.m_wq,9,"[512, 512]",512,512,262144,44.0268116561,17.6925056119,6.19235416597,43.346372202,44,84,235,289,379,0.0296609515355,0.0556315999873,0.0876383849523,0.126705802946,0.149616011347,0.175995830465,0.208184584605,0.256029405084
seed2,layers.m_wq,10,"[512, 512]",512,512,262144,42.7636087402,13.3176412747,10.3108405233,63.5042280531,64,109,248,299,385,0.0317876626651,0.0595799003489,0.0945491796284,0.138528657446,0.165711494914,0.198919165987,0.243482637148,0.314595664467
seed2,layers.m_wq,11,"[512, 512]",512,512,262144,45.043361744,14.5052406641,9.64298995436,63.8416885537,63,102,237,288,379,0.0295161065929,0.0552425447307,0.0880893540745,0.130015496592,0.156106389996,0.188698053174,0.233003717268,0.309585745294
seed2,layers.m_wv,0,"[512, 512]",512,512,262144,41.9203820931,8.92776032512,22.0478080685,106.111532682,94,135,271,319,397,0.0372373277725,0.0697763137692,0.109697604917,0.159386070149,0.190648570275,0.233284838107,0.306909387472,0.435042524993
seed2,layers.m_wv,1,"[512, 512]",512,512,262144,43.9359730897,8.8490739095,24.6515853567,151.1916343,164,224,336,371,429,0.0608848131842,0.11432559284,0.182129783562,0.268751102802,0.321718056095,0.384262909157,0.460139161528,0.558432472493
seed2,layers.m_wv,2,"[512, 512]",512,512,262144,44.4394046066,8.52607818876,27.1667597004,164.829729179,175,236,345,379,434,0.0662383453761,0.123494851228,0.195955242338,0.287259740402,0.342321083376,0.40585051416,0.482164490697,0.579996978264
seed2,layers.m_wv,3,"[512, 512]",512,512,262144,45.0087240698,7.96986403345,31.8927213422,181.673394224,188,248,352,384,437,0.0704431264728,0.132877413725,0.211215040071,0.309244955721,0.367449171204,0.433506800143,0.511074385848,0.606307988563
seed2,layers.m_wv,4,"[512, 512]",512,512,262144,45.0490491062,7.30716319272,38.0078797473,208.306567167,207,265,364,394,443,0.0796155229743,0.14901688582,0.235785961087,0.34182885444,0.403795991646,0.474011333445,0.553871198899,0.649189056424
seed2,layers.m_wv,5,"[512, 512]",512,512,262144,45.7651094687,7.84237082212,34.0544808036,212.322932196,208,266,365,396,444,0.0809555665812,0.150487846129,0.237519188439,0.344346282199,0.407415732705,0.478562622874,0.55984104647,0.657090762919
seed2,layers.m_wv,6,"[512, 512]",512,512,262144,45.5253771224,7.900093469,33.2079942308,203.069520543,204,263,363,393,442,0.0790080187372,0.147210314733,0.23284911398,0.337064423995,0.398320430523,0.467288719285,0.546521023389,0.641588726162
seed2,layers.m_wv,7,"[512, 512]",512,512,262144,46.354965841,7.77979236527,35.5023023457,217.258087026,211,269,367,397,444,0.0822201409734,0.153665477767,0.242207454549,0.350581900099,0.413882031549,0.485260487913,0.567240279484,0.663836682931
seed2,layers.m_wv,8,"[512, 512]",512,512,262144,47.2280681443,12.4897858558,14.2984966501,181.111667792,191,251,355,387,439,0.0728901385261,0.136035241124,0.215912332752,0.314252075264,0.372555794152,0.439152039412,0.517538228233,0.615706313702
seed2,layers.m_wv,9,"[512, 512]",512,512,262144,47.1976393536,9.63071187132,24.0172774386,164.825553363,180,241,348,381,434,0.0680951314703,0.127931133372,0.202991720761,0.295936133432,0.35114655171,0.41421321113,0.487721808551,0.580087534235
seed2,layers.m_wv,10,"[512, 512]",512,512,262144,45.6249047289,7.65812472497,35.4943371876,217.443710529,213,270,368,397,445,0.0826970176474,0.15506509771,0.244655469702,0.354082668534,0.417106718511,0.488143852341,0.569032472154,0.664457007657
seed2,layers.m_wv,11,"[512, 512]",512,512,262144,46.3860879513,7.42373049814,39.0419139031,210.62875153,206,264,364,394,443,0.0796913393126,0.148734428326,0.235145620916,0.341108512367,0.403333763193,0.472865151781,0.553432193333,0.650781544636
seed2,layers.m_w_read,0,"[512, 512]",512,512,262144,41.7559742891,24.2917257145,2.95474839595,39.6788863346,71,100,211,266,364,0.0252204364075,0.0474492168883,0.0755087964547,0.111423909726,0.135188142726,0.170833736354,0.233371361682,0.340860927473
seed2,layers.m_w_read,1,"[512, 512]",512,512,262144,45.8879805385,15.697505904,8.54548233554,127.892102664,162,222,334,369,427,0.0592224068037,0.112170584964,0.179980726477,0.266317141083,0.319602372868,0.381780668085,0.456564278909,0.549963765347
seed2,layers.m_w_read,2,"[512, 512]",512,512,262144,47.9717603005,13.2554146221,13.0973874896,151.964268894,175,235,343,377,433,0.0648773777328,0.122186482042,0.194738739984,0.286732342555,0.342064795943,0.406093569357,0.482698961161,0.57834120884
seed2,layers.m_w_read,3,"[512, 512]",512,512,262144,48.2546832047,12.0945719151,15.9183458137,167.098496464,185,244,350,383,435,0.0690884915599,0.129970909691,0.206579876143,0.303485301324,0.361416828925,0.427623665834,0.50519996144,0.599670392755
seed2,layers.m_w_read,4,"[512, 512]",512,512,262144,49.2073584736,8.83108269897,31.047897833,205.96023891,205,263,362,392,442,0.0779330638195,0.147155003196,0.233388482013,0.339598155856,0.402158019826,0.47248012428,0.554020750479,0.650098142329
seed2,layers.m_w_read,5,"[512, 512]",512,512,262144,50.2860275824,11.1603937535,20.3018504264,206.390918183,211,269,366,396,444,0.0816866511874,0.152718351794,0.241544217609,0.349146612604,0.411968158556,0.482350733785,0.562607863042,0.656770495655
seed2,layers.m_w_read,6,"[512, 512]",512,512,262144,50.0597103791,11.5124553028,18.9077891758,209.843988093,213,270,367,397,444,0.0823368644387,0.154253229204,0.243816721144,0.35278409774,0.415892831819,0.486573844878,0.567562648653,0.662797125097
seed2,layers.m_w_read,7,"[512, 512]",512,512,262144,50.0108942746,12.9686107928,14.8710737606,192.713721312,207,265,364,394,442,0.0797158633893,0.149451130326,0.236632292705,0.341789453316,0.403415623766,0.472538454508,0.551545063509,0.64507074745
seed2,layers.m_w_read,8,"[512, 512]",512,512,262144,50.5745443942,14.1318090628,12.8076200749,169.6223367,203,262,362,392,442,0.0773502780018,0.146310769109,0.231449423685,0.334937862927,0.394960450239,0.462152374266,0.538366554839,0.627288892683
seed2,layers.m_w_read,9,"[512, 512]",512,512,262144,50.9718023774,12.3046584209,17.1601411982,175.910881441,202,260,362,392,442,0.0777335685982,0.145194097774,0.229348684075,0.332808585008,0.392737010018,0.460415564863,0.537263690472,0.627526964456
seed2,layers.m_w_read,10,"[512, 512]",512,512,262144,51.0991507144,11.3606930801,20.2310167615,212.888555196,217,274,370,399,445,0.0845297162211,0.159049912086,0.250602472096,0.360773939033,0.424179259392,0.495164076403,0.575361307609,0.668385767819
seed2,layers.m_w_read,11,"[512, 512]",512,512,262144,52.1141814052,11.0824425175,22.1126537713,211.3818518,215,272,369,398,445,0.0840301490428,0.157592763382,0.247820971071,0.35773266565,0.421707660989,0.492881039288,0.573151818128,0.666839157092
seed2,layers.m_w_out,0,"[512, 512]",512,512,262144,42.2695802551,18.9361171375,4.98280633077,67.4236210624,80,107,210,265,363,0.0250534932993,0.0468252110785,0.0746451955464,0.111106336793,0.137291673403,0.179453103547,0.254938002903,0.385171373827
seed2,layers.m_w_out,1,"[512, 512]",512,512,262144,42.7556205365,20.768047604,4.2383331085,98.0063394901,173,234,343,377,433,0.0644927760892,0.121187047356,0.193598928817,0.28399026337,0.337798362255,0.399653234903,0.471906526443,0.559664132799
seed2,layers.m_w_out,2,"[512, 512]",512,512,262144,43.490583296,18.5241281646,5.5120723666,127.791595198,188,248,352,384,436,0.0705488047732,0.132760121511,0.211554645223,0.308741714554,0.365482861527,0.430126827725,0.504799977303,0.594659272794
seed2,layers.m_w_out,3,"[512, 512]",512,512,262144,44.6348459225,17.5919761125,6.43752348787,138.018582063,191,250,354,386,437,0.072043951729,0.13559269065,0.214625721921,0.312885364516,0.370682242081,0.436104613106,0.511064076438,0.600069406559
seed2,layers.m_w_out,4,"[512, 512]",512,512,262144,44.815461105,16.1297636766,7.71968766993,167.060262508,208,267,365,395,443,0.0801987945365,0.15082874383,0.238631573452,0.344749400902,0.40605705635,0.474174145509,0.551192744889,0.640388682097
seed2,layers.m_w_out,5,"[512, 512]",512,512,262144,45.4982614082,17.3124526098,6.90672887463,166.551953118,214,272,369,398,445,0.0841681218053,0.156898465935,0.246515251359,0.354578405897,0.41683048997,0.485479956097,0.562666404848,0.651753164068
seed2,layers.m_w_out,6,"[512, 512]",512,512,262144,46.2048642174,16.9882946992,7.39734415406,178.600331823,218,276,372,401,447,0.0865873592173,0.160860501707,0.253014285111,0.363746808712,0.427433331814,0.497535367869,0.576400002558,0.667033331791
seed2,layers.m_w_out,7,"[512, 512]",512,512,262144,45.6732688554,15.3640669486,8.83714149821,194.192962384,221,277,373,402,447,0.0877843546739,0.162895170137,0.256390442495,0.368707895237,0.433396633051,0.504955947905,0.585271658009,0.677363408501
seed2,layers.m_w_out,8,"[512, 512]",512,512,262144,44.5823723735,12.3089144653,13.1185804332,203.433802512,224,280,374,402,448,0.0888017518449,0.165644481971,0.260409569264,0.374247514641,0.439607594426,0.5117369581,0.591462938611,0.682219204245
seed2,layers.m_w_out,9,"[512, 512]",512,512,262144,45.4828340157,15.7336772149,8.35669521437,189.950632465,223,280,374,402,448,0.0886507471944,0.165117061348,0.259888027486,0.373644778073,0.438736520015,0.510091141838,0.589275102008,0.678865464117
seed2,layers.m_w_out,10,"[512, 512]",512,512,262144,45.5893147746,17.2752277316,6.96431757533,176.04699451,222,279,373,402,447,0.0881354260245,0.1643992806,0.258354803885,0.36974013473,0.433476606654,0.503891426164,0.582057547566,0.670447696969
seed2,layers.m_w_out,11,"[512, 512]",512,512,262144,46.4184295219,17.6471179768,6.91884031785,176.621516447,223,280,374,402,448,0.0890469977637,0.165611068643,0.259379397026,0.371910627156,0.436112978378,0.50626535174,0.584388688271,0.673288307837
seed2,layers.m_proj_w,0,"[512, 1024]",512,1024,524288,44.7966119646,8.47332176487,27.950072623,222.040526572,242,316,435,464,499,0.149845299502,0.218824412589,0.297002038939,0.388295493409,0.441004396118,0.499811620389,0.568161217238,0.653563570372
seed2,layers.m_proj_w,1,"[512, 1024]",512,1024,524288,51.2698740039,6.70322932013,58.5000646794,309.632983582,295,362,458,480,504,0.193546576691,0.27917979978,0.373436628684,0.47934932248,0.537980685743,0.601391886045,0.671505182102,0.751009854015
seed2,layers.m_proj_w,2,"[512, 1024]",512,1024,524288,54.1788605808,7.31698335403,54.8271410788,305.958811938,294,361,458,480,504,0.193076717352,0.278370728995,0.371670558838,0.476259542159,0.534232917473,0.597337247579,0.666707414363,0.745199109158
seed2,layers.m_proj_w,3,"[512, 1024]",512,1024,524288,55.5232856453,7.31041498515,57.6854459164,309.787729744,295,362,459,481,504,0.194407323716,0.280347845689,0.375067169149,0.481070630137,0.539577182935,0.602582177407,0.671788991618,0.749723565623
seed2,layers.m_proj_w,4,"[512, 1024]",512,1024,524288,57.1500125924,7.09786741135,64.8301305232,321.909207414,302,368,461,482,505,0.201317491302,0.289514212867,0.385737967089,0.492742697948,0.551525375867,0.61476739949,0.684245076306,0.761802029448
seed2,layers.m_proj_w,5,"[512, 1024]",512,1024,524288,57.9508980057,7.43512841371,60.7495958309,325.513619327,305,370,463,483,505,0.204152254411,0.293366475438,0.389766298039,0.496864152146,0.555668586145,0.619004634932,0.688056909412,0.765024475523
seed2,layers.m_proj_w,6,"[512, 1024]",512,1024,524288,59.3699178324,7.81461358598,57.7188779177,318.418815499,303,369,462,482,505,0.202630240682,0.291076846559,0.38662152267,0.492811195355,0.551139538572,0.613867911174,0.682344447022,0.758924344578
seed2,layers.m_proj_w,7,"[512, 1024]",512,1024,524288,59.9521503387,7.02299213558,72.8727511117,327.046350842,303,369,462,482,505,0.202544997998,0.291412374358,0.388318690177,0.496190750931,0.555414050602,0.619286105975,0.68904771206,0.767091236022
seed2,layers.m_proj_w,8,"[512, 1024]",512,1024,524288,60.2803063332,7.59006029555,63.0754633339,302.059496015,290,359,457,480,504,0.190540366156,0.274091425006,0.365528508801,0.468562493348,0.52551842936,0.587706445567,0.656650449993,0.736644365984
seed2,layers.m_proj_w,9,"[512, 1024]",512,1024,524288,59.5942852599,10.070132769,35.0218301852,274.277538517,285,355,455,478,503,0.186063349194,0.26828126812,0.357996421034,0.458890573627,0.514425140049,0.574440983027,0.640262056487,0.715052113593
seed2,layers.m_proj_w,10,"[512, 1024]",512,1024,524288,59.1009928993,7.71800109714,58.6380989853,321.599162381,303,369,462,483,505,0.203229180505,0.291488337277,0.387235446873,0.493577086434,0.552155389546,0.614961915559,0.683542566607,0.760628238772
seed2,layers.m_proj_w,11,"[512, 1024]",512,1024,524288,60.5620972733,8.30000973296,53.2408045315,305.330612292,297,365,460,481,504,0.197368030952,0.283454424863,0.377284563017,0.481481915962,0.538610149813,0.600136550799,0.667686215377,0.744248388876
