candidate,m_wq_rank,m_wk_rank,matrix_saved_params,hidden_dim,mamba_state_dim,ax_res,estimated_vector_side_delta,estimated_candidate_total_params,estimated_budget_error,estimated_exact_budget,estimated_unused_recovered_params,actual_vector_side_delta,actual_vector_model_total,actual_candidate_total_params,actual_budget_error,actual_exact_budget,estimator_error_params,actual_unused_recovered_params,verified_rank
C1_q128_k128,128,128,3145728,2016,512,576,3125184,47417224,-20544,False,20544,3125184,50562952,47417224,-20544,False,0,20544,1
C1_q128_k128,128,128,3145728,2144,544,544,3112384,47404424,-33344,False,33344,3112384,50550152,47404424,-33344,False,0,33344,2
C1_q128_k128,128,128,3145728,2272,576,512,3099584,47391624,-46144,False,46144,3099584,50537352,47391624,-46144,False,0,46144,3
C1_q128_k128,128,128,3145728,1632,608,512,3099072,47391112,-46656,False,46656,3099072,50536840,47391112,-46656,False,0,46656,4
C1_q128_k128,128,128,3145728,1984,512,576,3075968,47368008,-69760,False,69760,3075968,50513736,47368008,-69760,False,0,69760,5
C1_q128_k128,128,128,3145728,2112,544,544,3063168,47355208,-82560,False,82560,3063168,50500936,47355208,-82560,False,0,82560,6
C1_q128_k128,128,128,3145728,2240,576,512,3050368,47342408,-95360,False,95360,3050368,50488136,47342408,-95360,False,0,95360,7
C1_q128_k128,128,128,3145728,1600,608,512,3049856,47341896,-95872,False,95872,3049856,50487624,47341896,-95872,False,0,95872,8
C1_q128_k128,128,128,3145728,1952,512,576,3026752,47318792,-118976,False,118976,3026752,50464520,47318792,-118976,False,0,118976,9
C1_q128_k128,128,128,3145728,2080,544,544,3013952,47305992,-131776,False,131776,3013952,50451720,47305992,-131776,False,0,131776,10
C1_q128_k128,128,128,3145728,2208,576,512,3001152,47293192,-144576,False,144576,3001152,50438920,47293192,-144576,False,0,144576,11
C1_q128_k128,128,128,3145728,1568,608,512,3000640,47292680,-145088,False,145088,3000640,50438408,47292680,-145088,False,0,145088,12
C1_q128_k128,128,128,3145728,1920,512,576,2977536,47269576,-168192,False,168192,2977536,50415304,47269576,-168192,False,0,168192,13
C1_q128_k128,128,128,3145728,2048,544,544,2964736,47256776,-180992,False,180992,2964736,50402504,47256776,-180992,False,0,180992,14
C1_q128_k128,128,128,3145728,2176,576,512,2951936,47243976,-193792,False,193792,2951936,50389704,47243976,-193792,False,0,193792,15
C1_q128_k128,128,128,3145728,1536,608,512,2951424,47243464,-194304,False,194304,2951424,50389192,47243464,-194304,False,0,194304,16
C1_q128_k128,128,128,3145728,1888,512,576,2928320,47220360,-217408,False,217408,2928320,50366088,47220360,-217408,False,0,217408,17
C1_q128_k128,128,128,3145728,2016,544,544,2915520,47207560,-230208,False,230208,2915520,50353288,47207560,-230208,False,0,230208,18
C1_q128_k128,128,128,3145728,2144,576,512,2902720,47194760,-243008,False,243008,2902720,50340488,47194760,-243008,False,0,243008,19
C1_q128_k128,128,128,3145728,1856,512,576,2879104,47171144,-266624,False,266624,2879104,50316872,47171144,-266624,False,0,266624,20
C1_q128_k128,128,128,3145728,1984,544,544,2866304,47158344,-279424,False,279424,2866304,50304072,47158344,-279424,False,0,279424,21
C1_q128_k128,128,128,3145728,2112,576,512,2853504,47145544,-292224,False,292224,2853504,50291272,47145544,-292224,False,0,292224,22
C1_q128_k128,128,128,3145728,1824,512,576,2829888,47121928,-315840,False,315840,2829888,50267656,47121928,-315840,False,0,315840,23
C1_q128_k128,128,128,3145728,1952,544,544,2817088,47109128,-328640,False,328640,2817088,50254856,47109128,-328640,False,0,328640,24
C1_q128_k128,128,128,3145728,2080,576,512,2804288,47096328,-341440,False,341440,2804288,50242056,47096328,-341440,False,0,341440,25
C1_q128_k128,128,128,3145728,1792,512,576,2780672,47072712,-365056,False,365056,2780672,50218440,47072712,-365056,False,0,365056,26
C1_q128_k128,128,128,3145728,1920,544,544,2767872,47059912,-377856,False,377856,2767872,50205640,47059912,-377856,False,0,377856,27
C1_q128_k128,128,128,3145728,2048,576,512,2755072,47047112,-390656,False,390656,2755072,50192840,47047112,-390656,False,0,390656,28
C1_q128_k128,128,128,3145728,1760,512,576,2731456,47023496,-414272,False,414272,2731456,50169224,47023496,-414272,False,0,414272,29
C1_q128_k128,128,128,3145728,1888,544,544,2718656,47010696,-427072,False,427072,2718656,50156424,47010696,-427072,False,0,427072,30
C2_q64_k64,64,64,4718592,2272,512,608,4712384,47431560,-6208,False,6208,4712384,52150152,47431560,-6208,False,0,6208,1
C2_q64_k64,64,64,4718592,1632,544,608,4711872,47431048,-6720,False,6720,4711872,52149640,47431048,-6720,False,0,6720,2
C2_q64_k64,64,64,4718592,1760,576,576,4699072,47418248,-19520,False,19520,4699072,52136840,47418248,-19520,False,0,19520,3
C2_q64_k64,64,64,4718592,1888,608,544,4686272,47405448,-32320,False,32320,4686272,52124040,47405448,-32320,False,0,32320,4
C2_q64_k64,64,64,4718592,2016,640,512,4673472,47392648,-45120,False,45120,4673472,52111240,47392648,-45120,False,0,45120,5
C2_q64_k64,64,64,4718592,2240,512,608,4663168,47382344,-55424,False,55424,4663168,52100936,47382344,-55424,False,0,55424,6
C2_q64_k64,64,64,4718592,1600,544,608,4662656,47381832,-55936,False,55936,4662656,52100424,47381832,-55936,False,0,55936,7
C2_q64_k64,64,64,4718592,1728,576,576,4649856,47369032,-68736,False,68736,4649856,52087624,47369032,-68736,False,0,68736,8
C2_q64_k64,64,64,4718592,1856,608,544,4637056,47356232,-81536,False,81536,4637056,52074824,47356232,-81536,False,0,81536,9
C2_q64_k64,64,64,4718592,1984,640,512,4624256,47343432,-94336,False,94336,4624256,52062024,47343432,-94336,False,0,94336,10
C2_q64_k64,64,64,4718592,2208,512,608,4613952,47333128,-104640,False,104640,4613952,52051720,47333128,-104640,False,0,104640,11
C2_q64_k64,64,64,4718592,1568,544,608,4613440,47332616,-105152,False,105152,4613440,52051208,47332616,-105152,False,0,105152,12
C2_q64_k64,64,64,4718592,1696,576,576,4600640,47319816,-117952,False,117952,4600640,52038408,47319816,-117952,False,0,117952,13
C2_q64_k64,64,64,4718592,1824,608,544,4587840,47307016,-130752,False,130752,4587840,52025608,47307016,-130752,False,0,130752,14
C2_q64_k64,64,64,4718592,1952,640,512,4575040,47294216,-143552,False,143552,4575040,52012808,47294216,-143552,False,0,143552,15
C2_q64_k64,64,64,4718592,2176,512,608,4564736,47283912,-153856,False,153856,4564736,52002504,47283912,-153856,False,0,153856,16
C2_q64_k64,64,64,4718592,1536,544,608,4564224,47283400,-154368,False,154368,4564224,52001992,47283400,-154368,False,0,154368,17
C2_q64_k64,64,64,4718592,2304,544,576,4551936,47271112,-166656,False,166656,4551936,51989704,47271112,-166656,False,0,166656,18
C2_q64_k64,64,64,4718592,1664,576,576,4551424,47270600,-167168,False,167168,4551424,51989192,47270600,-167168,False,0,167168,19
C2_q64_k64,64,64,4718592,1792,608,544,4538624,47257800,-179968,False,179968,4538624,51976392,47257800,-179968,False,0,179968,20
C2_q64_k64,64,64,4718592,1920,640,512,4525824,47245000,-192768,False,192768,4525824,51963592,47245000,-192768,False,0,192768,21
C2_q64_k64,64,64,4718592,2144,512,608,4515520,47234696,-203072,False,203072,4515520,51953288,47234696,-203072,False,0,203072,22
C2_q64_k64,64,64,4718592,2272,544,576,4502720,47221896,-215872,False,215872,4502720,51940488,47221896,-215872,False,0,215872,23
C2_q64_k64,64,64,4718592,1632,576,576,4502208,47221384,-216384,False,216384,4502208,51939976,47221384,-216384,False,0,216384,24
C2_q64_k64,64,64,4718592,1760,608,544,4489408,47208584,-229184,False,229184,4489408,51927176,47208584,-229184,False,0,229184,25
C2_q64_k64,64,64,4718592,1888,640,512,4476608,47195784,-241984,False,241984,4476608,51914376,47195784,-241984,False,0,241984,26
C2_q64_k64,64,64,4718592,2112,512,608,4466304,47185480,-252288,False,252288,4466304,51904072,47185480,-252288,False,0,252288,27
C2_q64_k64,64,64,4718592,2240,544,576,4453504,47172680,-265088,False,265088,4453504,51891272,47172680,-265088,False,0,265088,28
C2_q64_k64,64,64,4718592,1600,576,576,4452992,47172168,-265600,False,265600,4452992,51890760,47172168,-265600,False,0,265600,29
C2_q64_k64,64,64,4718592,1728,608,544,4440192,47159368,-278400,False,278400,4440192,51877960,47159368,-278400,False,0,278400,30
C3_q128_k64,128,64,3932160,1760,512,608,3924928,47430536,-7232,False,7232,3924928,51362696,47430536,-7232,False,0,7232,1
C3_q128_k64,128,64,3932160,1888,544,576,3912128,47417736,-20032,False,20032,3912128,51349896,47417736,-20032,False,0,20032,2
C3_q128_k64,128,64,3932160,2016,576,544,3899328,47404936,-32832,False,32832,3899328,51337096,47404936,-32832,False,0,32832,3
C3_q128_k64,128,64,3932160,2144,608,512,3886528,47392136,-45632,False,45632,3886528,51324296,47392136,-45632,False,0,45632,4
C3_q128_k64,128,64,3932160,1728,512,608,3875712,47381320,-56448,False,56448,3875712,51313480,47381320,-56448,False,0,56448,5
C3_q128_k64,128,64,3932160,1856,544,576,3862912,47368520,-69248,False,69248,3862912,51300680,47368520,-69248,False,0,69248,6
C3_q128_k64,128,64,3932160,1984,576,544,3850112,47355720,-82048,False,82048,3850112,51287880,47355720,-82048,False,0,82048,7
C3_q128_k64,128,64,3932160,2112,608,512,3837312,47342920,-94848,False,94848,3837312,51275080,47342920,-94848,False,0,94848,8
C3_q128_k64,128,64,3932160,1696,512,608,3826496,47332104,-105664,False,105664,3826496,51264264,47332104,-105664,False,0,105664,9
C3_q128_k64,128,64,3932160,1824,544,576,3813696,47319304,-118464,False,118464,3813696,51251464,47319304,-118464,False,0,118464,10
C3_q128_k64,128,64,3932160,1952,576,544,3800896,47306504,-131264,False,131264,3800896,51238664,47306504,-131264,False,0,131264,11
C3_q128_k64,128,64,3932160,2080,608,512,3788096,47293704,-144064,False,144064,3788096,51225864,47293704,-144064,False,0,144064,12
C3_q128_k64,128,64,3932160,1664,512,608,3777280,47282888,-154880,False,154880,3777280,51215048,47282888,-154880,False,0,154880,13
C3_q128_k64,128,64,3932160,1792,544,576,3764480,47270088,-167680,False,167680,3764480,51202248,47270088,-167680,False,0,167680,14
C3_q128_k64,128,64,3932160,1920,576,544,3751680,47257288,-180480,False,180480,3751680,51189448,47257288,-180480,False,0,180480,15
C3_q128_k64,128,64,3932160,2048,608,512,3738880,47244488,-193280,False,193280,3738880,51176648,47244488,-193280,False,0,193280,16
C3_q128_k64,128,64,3932160,1632,512,608,3728064,47233672,-204096,False,204096,3728064,51165832,47233672,-204096,False,0,204096,17
C3_q128_k64,128,64,3932160,1760,544,576,3715264,47220872,-216896,False,216896,3715264,51153032,47220872,-216896,False,0,216896,18
C3_q128_k64,128,64,3932160,1888,576,544,3702464,47208072,-229696,False,229696,3702464,51140232,47208072,-229696,False,0,229696,19
C3_q128_k64,128,64,3932160,2016,608,512,3689664,47195272,-242496,False,242496,3689664,51127432,47195272,-242496,False,0,242496,20
C3_q128_k64,128,64,3932160,1600,512,608,3678848,47184456,-253312,False,253312,3678848,51116616,47184456,-253312,False,0,253312,21
C3_q128_k64,128,64,3932160,1728,544,576,3666048,47171656,-266112,False,266112,3666048,51103816,47171656,-266112,False,0,266112,22
C3_q128_k64,128,64,3932160,1856,576,544,3653248,47158856,-278912,False,278912,3653248,51091016,47158856,-278912,False,0,278912,23
C3_q128_k64,128,64,3932160,1984,608,512,3640448,47146056,-291712,False,291712,3640448,51078216,47146056,-291712,False,0,291712,24
C3_q128_k64,128,64,3932160,1568,512,608,3629632,47135240,-302528,False,302528,3629632,51067400,47135240,-302528,False,0,302528,25
C3_q128_k64,128,64,3932160,1696,544,576,3616832,47122440,-315328,False,315328,3616832,51054600,47122440,-315328,False,0,315328,26
C3_q128_k64,128,64,3932160,1824,576,544,3604032,47109640,-328128,False,328128,3604032,51041800,47109640,-328128,False,0,328128,27
C3_q128_k64,128,64,3932160,1952,608,512,3591232,47096840,-340928,False,340928,3591232,51029000,47096840,-340928,False,0,340928,28
C3_q128_k64,128,64,3932160,1536,512,608,3580416,47086024,-351744,False,351744,3580416,51018184,47086024,-351744,False,0,351744,29
C3_q128_k64,128,64,3932160,2304,512,576,3568128,47073736,-364032,False,364032,3568128,51005896,47073736,-364032,False,0,364032,30
