seed,family,layer,parameter_path,shape,dtype,elements,numerical_rank,stable_rank,effective_rank_entropy,largest_singular_value,smallest_singular_value,spectral_norm,frobenius_norm,condition_number,rank_384_energy_fraction,rank_384_energy_percent,rank_384_relative_frobenius_error,rank_320_energy_fraction,rank_320_energy_percent,rank_320_relative_frobenius_error,rank_256_energy_fraction,rank_256_energy_percent,rank_256_relative_frobenius_error,rank_192_energy_fraction,rank_192_energy_percent,rank_192_relative_frobenius_error,rank_160_energy_fraction,rank_160_energy_percent,rank_160_relative_frobenius_error,rank_128_energy_fraction,rank_128_energy_percent,rank_128_relative_frobenius_error,rank_96_energy_fraction,rank_96_energy_percent,rank_96_relative_frobenius_error,rank_64_energy_fraction,rank_64_energy_percent,rank_64_relative_frobenius_error
seed1,m_wq,0,layers.m_wq[0],512x512,float64,262144,512,5.107048411447198,22.94321557837979,16.604485422205865,1.4880811922698627e-05,16.604485422205865,37.52411070653664,1115831.9524809,0.9989648710132792,99.89648710132792,0.0321734205007916,0.9964276660600749,99.6427666060075,0.05976900484302098,0.9913266370733965,99.13266370733965,0.09313089136588074,0.9824906472658259,98.24906472658259,0.13232291084379186,0.9762532037932948,97.62532037932948,0.15409995524563,0.968449897946583,96.8449897946583,0.17762348395811017,0.9586732524461202,95.86732524461202,0.20328981173162558,0.9463360844876119,94.63360844876118,0.23165473341243892
seed1,m_wq,1,layers.m_wq[1],512x512,float64,262144,512,4.023327721392124,20.819569697911408,19.712859781712936,0.0003061037942208404,19.712859781712936,39.54051646007326,64399.26637267023,0.9989587128270042,99.89587128270043,0.03226898159216969,0.9964421825889728,99.64421825889728,0.0596474426193381,0.9912793569363186,99.12793569363187,0.09338438340365784,0.982166414718067,98.2166414718067,0.1335424474911742,0.9755761188213893,97.55761188213893,0.15628141661314285,0.9671382878866085,96.71382878866085,0.18127799677123393,0.9561282645805388,95.61282645805387,0.20945580779596734,0.9407471235207824,94.07471235207824,0.24341913745475646
seed1,m_wq,2,layers.m_wq[2],512x512,float64,262144,512,4.905690167722076,25.1393806148163,18.209542419496685,0.00014898153219936418,18.209542419496685,40.33193796787987,122226.84349311853,0.9989917804805648,99.89917804805648,0.03175247265072744,0.9964993742317337,99.64993742317337,0.05916608630175114,0.9913861855266225,99.13861855266225,0.09281063771668364,0.9823957555890026,98.23957555890026,0.13268098737572537,0.975810612492345,97.58106124923451,0.15552937827836572,0.9673708964695809,96.73708964695808,0.1806352776464751,0.956326318941876,95.6326318941876,0.20898248983616777,0.9406067163063694,94.06067163063693,0.24370737308015655
seed1,m_wq,3,layers.m_wq[3],512x512,float64,262144,512,3.58235136866618,26.726953461971515,22.155783216263696,0.0004114850968286255,22.155783216263696,41.93447376562368,53843.46453133172,0.9990519808872754,99.90519808872754,0.03078991901133509,0.9967417022477284,99.67417022477284,0.05708150096372379,0.9920053521811923,99.20053521811923,0.08941279449165905,0.9836572598251204,98.36572598251205,0.12783872721080877,0.9775108864899926,97.75108864899926,0.1499637073094933,0.9695295578214362,96.95295578214362,0.17455784765676896,0.9587426702600315,95.87426702600314,0.20311900388680657,0.9421333068658264,94.21333068658264,0.24055496904901713
seed1,m_wq,4,layers.m_wq[4],512x512,float64,262144,512,4.968720732484896,29.128731326860855,18.867567284735713,0.00019211908091955104,18.867567284735713,42.056991371169424,98207.66992236662,0.999013246388159,99.90132463881591,0.03141263458930138,0.9965734039776095,99.65734039776095,0.05853713370494393,0.9915920954634795,99.15920954634795,0.09169462654114753,0.9826287031572006,98.26287031572006,0.13180021564018538,0.9760176238643687,97.60176238643687,0.15486244262451518,0.9673603007367745,96.73603007367745,0.18066460434524942,0.9556124392658565,95.56124392658565,0.2106835559177401,0.9374094849086,93.74094849085999,0.2501809646863646
seed1,m_wq,5,layers.m_wq[5],512x512,float64,262144,512,4.773502202562833,37.62747328408019,19.635926361929176,0.001894807669450825,19.635926361929176,42.90125119818966,10363.01819889735,0.9990360994650281,99.90360994650281,0.031046747574776042,0.9966703804977132,99.66703804977132,0.05770285523513398,0.9918185503265976,99.18185503265975,0.09045136634347983,0.9829805555521162,98.29805555521162,0.13045859284801378,0.9763231760310068,97.63231760310069,0.15387275252296354,0.9674811040859128,96.74811040859129,0.18032996399402731,0.9549590516756732,95.49590516756732,0.2122285285354606,0.9335726476519163,93.35726476519163,0.25773504291827243
seed1,m_wq,6,layers.m_wq[6],512x512,float64,262144,512,8.578357061744486,64.46130045904864,14.477991685604788,7.098492696724192e-05,14.477991685604788,42.40434726650523,203958.67551270543,0.999013094673659,99.90130946736589,0.03141504936079279,0.9965170282234325,99.65170282234325,0.059016707605283554,0.9911660133421741,99.1166013342174,0.09398929012300213,0.9808760263505024,98.08760263505025,0.13828945603153403,0.9725986387728399,97.25986387728399,0.1655335652584094,0.9604903584975921,96.0490358497592,0.1987703234952539,0.9403302701780917,94.03302701780916,0.24427388280761478,0.896784130867476,89.6784130867476,0.32127226636067424
seed1,m_wq,7,layers.m_wq[7],512x512,float64,262144,512,6.518890882312584,46.61470298205177,17.59468342170188,6.657729157339965e-06,17.59468342170188,44.92295466180562,2642745.447568143,0.9991515257000113,99.91515257000113,0.02912858218294685,0.9970215375436322,99.70215375436322,0.0545752916287929,0.9925818374715571,99.25818374715571,0.0861287555259151,0.9843765993101703,98.43765993101702,0.12499360259561168,0.978068253657327,97.80682536573269,0.14809370797799962,0.9692795996619314,96.92795996619314,0.17527236045100938,0.956102205591255,95.61022055912551,0.20951800497509748,0.9299448190746628,92.99448190746628,0.2646793927100054
seed1,m_wq,8,layers.m_wq[8],512x512,float64,262144,512,7.578677894939323,51.43177014027115,15.825991496543118,0.0008251669002689501,15.825991496543118,43.56800287855806,19179.139991418568,0.999044599565979,99.9044599565979,0.030909552472026848,0.9966393506791731,99.66393506791731,0.05797110763843411,0.9916001534967889,99.16001534967889,0.0916506765016556,0.9820911945993617,98.20911945993616,0.13382378488384764,0.9745985849007959,97.45985849007958,0.15937821400431154,0.9639146196643631,96.39146196643631,0.18996152330310712,0.9473154560789915,94.73154560789915,0.22953113932756164,0.915530757317048,91.55307573170481,0.290635928066287
seed1,m_wq,9,layers.m_wq[9],512x512,float64,262144,512,8.336167912843178,54.32520959698217,15.167111803660186,0.00014198606038921932,15.167111803660186,43.79112627964055,106821.13273713869,0.9990877435173693,99.90877435173692,0.030203583936856127,0.9967774478261745,99.67774478261745,0.05676752745915132,0.9919177483519765,99.19177483519765,0.08990134397228694,0.9828701197752909,98.28701197752909,0.13088116833490246,0.9757760018586433,97.57760018586433,0.1556406056958038,0.9657953432363651,96.57953432363651,0.18494501010742337,0.9503941838509972,95.03941838509972,0.2227236317704137,0.9210459603975781,92.10459603975781,0.2809876146779816
seed1,m_wq,10,layers.m_wq[10],512x512,float64,262144,512,6.629830962307367,54.73501803834057,16.858788378100094,0.0009371448484201443,16.858788378100094,43.408780672788836,17989.522544482792,0.9990580490509192,99.90580490509193,0.030691219413388957,0.9966934608712416,99.66934608712415,0.05750251410815396,0.9917195554688963,99.17195554688963,0.09099694792191472,0.9822628352201747,98.22628352201747,0.13318094751061557,0.9746688753239507,97.46688753239508,0.15915754671409477,0.9637329889539513,96.37329889539514,0.1904389956023941,0.945970849518384,94.5970849518384,0.23244171415995032,0.9101441007612816,91.01441007612816,0.29975973585309684
seed1,m_wq,11,layers.m_wq[11],512x512,float64,262144,512,28.684532623989377,117.36240312286698,8.805735049501472,0.0006563141177747206,8.805735049501472,47.16170561837643,13416.952052407372,0.9990946198882804,99.90946198882804,0.030089534920293953,0.9967281970597525,99.67281970597524,0.0571996760501975,0.9912792984654576,99.12792984654575,0.09338469646865276,0.9790833931891944,97.90833931891943,0.14462574739929834,0.9670407324242636,96.70407324242636,0.18154687432103153,0.9445217545882524,94.45217545882524,0.2355382037202195,0.8978547686584892,89.78547686584892,0.31960167606179846,0.7883706865150149,78.83706865150148,0.46003186138025826
seed1,m_wk,0,layers.m_wk[0],512x512,float64,262144,512,6.93930221580945,26.7300884448482,14.545162708008581,0.0003700731195432824,14.545162708008581,38.315675349323534,39303.48339257705,0.9989978026805505,99.89978026805505,0.031657500208473584,0.9965091136530696,99.65091136530695,0.05908372319793667,0.9914755610953001,99.14755610953002,0.09232788801169392,0.9827314035507835,98.27314035507835,0.13141003176780883,0.9764916575310645,97.64916575310644,0.15332430488652318,0.9687144138079253,96.87144138079253,0.1768773196090292,0.9589718756229607,95.89718756229607,0.20255400360654263,0.9464570610216576,94.64570610216576,0.23139347220339296
seed1,m_wk,1,layers.m_wk[1],512x512,float64,262144,512,3.9320249307172195,21.183736368610308,20.490549051468467,0.00036939390441504565,20.490549051468467,40.63139441822075,55470.72868978797,0.9992822043743076,99.92822043743075,0.026791708151822045,0.9974198437169767,99.74198437169767,0.05079523878301319,0.9933811987161634,99.33811987161634,0.08135601565856472,0.9859061059822808,98.59061059822808,0.11871770726272982,0.9802704395973101,98.027043959731,0.1404619535770805,0.9729083937875,97.29083937875001,0.1645952800432016,0.9629644143443763,96.29644143443763,0.1924463188934091,0.9483631540245412,94.83631540245412,0.22723742204016223
seed1,m_wk,2,layers.m_wk[2],512x512,float64,262144,512,4.8205723124852975,27.523575835510353,18.617917861389483,0.0003259432233092582,18.617917861389483,40.87713138860491,57120.12562299727,0.9992625207256236,99.92625207256236,0.02715656963565899,0.9972874697433091,99.7287469743309,0.052081957112717424,0.993042973984125,99.3042973984125,0.08340878860093222,0.9851578799653462,98.51578799653463,0.1218282398898293,0.9791444796859368,97.91444796859368,0.14441440480112513,0.9710994838906477,97.10994838906477,0.17000151796190613,0.9601424928490793,96.01424928490793,0.19964345005764836,0.9434532764050249,94.34532764050249,0.23779554998984978
seed1,m_wk,3,layers.m_wk[3],512x512,float64,262144,512,6.06783700193436,35.66480156147,17.152165583221752,0.0007041529399908398,17.152165583221752,42.25089505541875,24358.57980433183,0.9992530093993474,99.92530093993473,0.027331128784824122,0.9973120329701523,99.73120329701523,0.05184560762347905,0.9930962416950939,99.30962416950939,0.08308885788663894,0.985123926017708,98.5123926017708,0.12196751199517009,0.9789673796063865,97.89673796063865,0.1450262748387806,0.9705980455223359,97.05980455223359,0.17146998127271182,0.9588898562936637,95.88898562936637,0.20275636539042677,0.939469445929458,93.9469445929458,0.24602957966582387
seed1,m_wk,4,layers.m_wk[4],512x512,float64,262144,512,4.30994974283736,29.23284764001826,20.431628600900883,8.643895097927717e-05,20.431628600900883,42.416915940149636,236370.62191787997,0.9994515282512793,99.94515282512792,0.023419473707168292,0.9978792834976538,99.78792834976538,0.04605123779385569,0.9942947400065703,99.42947400065702,0.07553317147736976,0.9871617513473623,98.71617513473623,0.11330599566059034,0.9814754940787778,98.14754940787778,0.1361047608323171,0.9735842861318307,97.35842861318307,0.16252911698575526,0.9620279206303795,96.20279206303795,0.1948642588306551,0.9429012856943189,94.29012856943189,0.23895337266019315
seed1,m_wk,5,layers.m_wk[5],512x512,float64,262144,512,7.029266717228061,44.28387040222206,16.14626570539833,0.0008212901748743108,16.14626570539833,42.80821372450641,19659.63577717137,0.9992564510381912,99.92564510381912,0.027268094209328922,0.9972594198796612,99.72594198796611,0.05235055033463204,0.9928816546181752,99.28816546181753,0.08437028731623927,0.9843721889082732,98.43721889082731,0.1250112438612097,0.9777538634517585,97.77538634517585,0.14915138801982863,0.9685684130057433,96.85684130057433,0.17728955692385479,0.9549632239301504,95.49632239301505,0.21221869868098234,0.9310788904101401,93.10788904101402,0.26252830245491604
seed1,m_wk,6,layers.m_wk[6],512x512,float64,262144,512,15.424745812335813,76.08150859769016,11.030247577249975,2.9075531032118647e-05,11.030247577249975,43.3205805804784,379365.30084576184,0.9991187061445598,99.91187061445598,0.02968659386726985,0.9967438115817532,99.67438115817532,0.05706302146089724,0.9913509126199676,99.13509126199675,0.09300046978393416,0.9803744866654668,98.03744866654668,0.14009108941875362,0.9711549217153708,97.11549217153707,0.16983838872477927,0.9573572470800499,95.735724708005,0.20650121772025976,0.9341629726392304,93.41629726392304,0.2565872704573818,0.884214282615889,88.4214282615889,0.3402730041953241
seed1,m_wk,7,layers.m_wk[7],512x512,float64,262144,512,8.392891771117156,52.52452824036925,15.531923390493043,0.0006988446138629342,15.531923390493043,44.99674007784943,22225.145736816612,0.9992882392623127,99.92882392623127,0.026678844384405143,0.9973950067194174,99.73950067194174,0.05103913479461238,0.9932219678711257,99.32219678711257,0.08232880497659546,0.9850731667202415,98.50731667202415,0.12217542011287919,0.978589789062079,97.85897890620791,0.14632228448845702,0.9693701025600726,96.93701025600726,0.17501399212613655,0.9551053257134381,95.51053257134382,0.21188363383367273,0.9266944398880204,92.66944398880203,0.2707499955899901
seed1,m_wk,8,layers.m_wk[8],512x512,float64,262144,512,7.776498832754325,49.98217650181789,15.53429279262358,8.812659105884739e-05,15.53429279262358,43.3195106552916,176272.48037145115,0.999540748771843,99.9540748771843,0.021430147646645897,0.9981642137991263,99.81642137991264,0.0428460756764684,0.9948105372426213,99.48105372426213,0.07203792582646136,0.9875635614279917,98.75635614279918,0.11151878125234452,0.9811814770991261,98.1181477099126,0.1371806214480527,0.9714658613935377,97.14658613935377,0.16892050972709696,0.9555465116644526,95.55465116644525,0.2108399590579248,0.9234979540296454,92.34979540296455,0.2765900323047716
seed1,m_wk,9,layers.m_wk[9],512x512,float64,262144,512,9.933870149353892,56.78542779212559,13.93652391136592,0.00037941717615104677,13.93652391136592,43.925195557243704,36731.399597517855,0.9992387913320108,99.92387913320108,0.027590010293387583,0.9972158825568378,99.72158825568378,0.05276473673924854,0.9927230387535458,99.27230387535458,0.08530510680172765,0.9838794554144805,98.38794554144805,0.12696670660263454,0.9766514379142541,97.66514379142541,0.15280236282775825,0.9662009669763899,96.62009669763899,0.1838451332606063,0.9499543521354504,94.99543521354504,0.22370884619198583,0.9182948533377409,91.82948533377409,0.2858411213633531
seed1,m_wk,10,layers.m_wk[10],512x512,float64,262144,512,8.484275988254891,58.619658344172365,14.955657039562928,0.0007587004042353064,14.955657039562928,43.56250959872395,19712.20386344294,0.9993309422550027,99.93309422550027,0.02586615056395634,0.9974806838799593,99.74806838799593,0.050192789522407986,0.9932288989380855,99.32288989380855,0.08228670039510927,0.9846433988333821,98.46433988333821,0.12392175421054148,0.9774036432895313,97.74036432895313,0.15032084589460196,0.9666141686548027,96.66141686548026,0.18271790099822555,0.9489211460384843,94.89211460384843,0.2260063139859497,0.9122067907960492,91.22067907960492,0.2962991886656979
seed1,m_wk,11,layers.m_wk[11],512x512,float64,262144,512,19.109050583613588,118.07118804741732,10.843866592080373,0.0012112964778835562,10.843866592080373,47.40277004584768,8952.281121982103,0.9991947124718066,99.91947124718065,0.028377588484461137,0.9968800092965695,99.68800092965695,0.055856876957367546,0.991208371435655,99.1208371435655,0.09376368467773123,0.9779888023325579,97.79888023325579,0.14836171226917708,0.9645776629189239,96.45776629189238,0.18820822798452813,0.9396358239002269,93.9635823900227,0.24569122104742178,0.8888862801276521,88.88862801276521,0.3333372464522197,0.7751745046063424,77.51745046063424,0.4741576693397014
seed1,m_wv,0,layers.m_wv[0],512x512,float64,262144,512,23.614980119913547,102.29882488869973,8.809252143579128,0.0006322391849495537,8.809252143579128,42.80877820803969,13933.41689867264,0.9986752981512398,99.86752981512397,0.03639645379374497,0.9953437114735871,99.53437114735871,0.06823700261890807,0.9885303104067623,98.85303104067623,0.10709663670366912,0.9758201653085298,97.58201653085298,0.15549866459706407,0.965624880489538,96.5624880489538,0.18540528447285967,0.9484343945371395,94.84343945371396,0.22708061445852326,0.9104469489099067,91.04469489099067,0.2992541580163812,0.8174219031816,81.74219031816,0.4272915829014187
seed1,m_wv,1,layers.m_wv[1],512x512,float64,262144,512,34.16930344914049,169.62984608212912,7.483353691545201,0.0008687909612613997,7.483353691545201,43.74358119587905,8613.526182040501,0.9957482273293841,99.5748227329384,0.06520561839761922,0.9849521941266136,98.49521941266136,0.12266949854542647,0.9617986464125261,96.1798646412526,0.19545166560424573,0.916920813386271,91.69208133862709,0.28823460342875046,0.8815368821173376,88.15368821173377,0.34418471477197005,0.8321347579117072,83.21347579117072,0.40971360984020627,0.761873452984412,76.1873452984412,0.4879821175161934,0.6567498566451356,65.67498566451356,0.5858755357197162
seed1,m_wv,2,layers.m_wv[2],512x512,float64,262144,512,17.280371393354937,153.7021725991688,10.650389890576742,0.000734068877068931,10.650389890576742,44.27331515438173,14508.706503268142,0.9958908633904202,99.58908633904203,0.06410254760600229,0.985399347805268,98.5399347805268,0.12083315850681031,0.9629583756374893,96.29583756374893,0.1924620075820438,0.920306708657202,92.0306708657202,0.2823000023783174,0.8868002373197522,88.68002373197523,0.33645172414515545,0.8402147775317533,84.02147775317533,0.3997314379283254,0.7737874371873046,77.37874371873046,0.4756180850353521,0.674238653859512,67.4238653859512,0.5707550666796467
seed1,m_wv,3,layers.m_wv[3],512x512,float64,262144,512,31.58099078704201,188.15552191613122,8.034936961317543,0.0013570590717811005,8.034936961317543,45.153908573989064,5920.845398993518,0.9950242131126742,99.50242131126743,0.07053925777413458,0.9823883116286708,98.23883116286709,0.13270903650968613,0.9552671217438106,95.52671217438106,0.21150148523400358,0.9041837735235236,90.41837735235237,0.30954196238390097,0.8644060971536335,86.44060971536335,0.36823077389914943,0.8097063745855083,80.97063745855083,0.4362265757774183,0.7328369916268888,73.28369916268888,0.5168781368689445,0.6207468563982903,62.07468563982903,0.6158353218204601
seed1,m_wv,4,layers.m_wv[4],512x512,float64,262144,512,35.579364442773965,192.11088932394904,7.542022162061994,0.0015096331534246654,7.542022162061994,44.98698595635806,4995.93039868832,0.9943465797102006,99.43465797102006,0.07518922987901543,0.9802564879064183,98.02564879064182,0.14051160839440177,0.9508259639763728,95.08259639763727,0.2217521950818689,0.896077156568982,89.60771565689821,0.32237066155439453,0.8542734675757928,85.42734675757929,0.3817414470871708,0.798244695500584,79.8244695500584,0.44917179842396165,0.7212616109058958,72.12616109058958,0.5279568060874906,0.612020504150803,61.2020504150803,0.6228800011633036
seed1,m_wv,5,layers.m_wv[5],512x512,float64,262144,512,37.54462332415114,195.97494720095077,7.426980588598831,0.00038171763549454317,7.426980588598831,45.50783393277588,19456.739479632986,0.9941710186895197,99.41710186895197,0.07634776558931024,0.9797109680166777,97.97109680166777,0.14243957309442598,0.9494472298369564,94.94472298369564,0.22483943195766085,0.8938647836437131,89.38647836437131,0.32578400260953094,0.8510467136652764,85.10467136652764,0.385944667452115,0.7937141699152129,79.37141699152129,0.45418699902659815,0.7158607783311958,71.58607783311957,0.5330471101777068,0.6033851486601425,60.33851486601425,0.6297736508777241
seed1,m_wv,6,layers.m_wv[6],512x512,float64,262144,512,40.01306524578863,206.9146264001652,7.290892943361328,0.00017394943527213982,7.290892943361328,46.11918589154953,41913.86383034183,0.9939192589337439,99.39192589337439,0.07797910660078193,0.978791648968058,97.8791648968058,0.14563087252345214,0.9468673863872941,94.68673863872941,0.23050512708550744,0.8876533261343177,88.76533261343177,0.33518155358802537,0.842627258631559,84.2627258631559,0.3967023334547467,0.7819616954441557,78.19616954441557,0.4669457190679065,0.69945219832362,69.945219832362,0.5482224016550035,0.5829386353088596,58.29386353088596,0.6458028837742523
seed1,m_wv,7,layers.m_wv[7],512x512,float64,262144,512,35.59944692600177,187.45008097347258,7.8066588098593215,0.0047320585981979685,7.8066588098593215,46.57864219403615,1649.7384062049025,0.9950140789275277,99.50140789275277,0.0706110548885393,0.9823361213248856,98.23361213248856,0.13290552537466013,0.9555820161772308,95.55820161772309,0.21075574445971618,0.9047485637843976,90.47485637843977,0.308628314021255,0.8650287558502199,86.50287558502198,0.3673843275777835,0.8111388783559725,81.11388783559725,0.43458154774912783,0.7351083032270971,73.51083032270971,0.5146763029059167,0.6218029265841855,62.180292658418544,0.6149772950408938
seed1,m_wv,8,layers.m_wv[8],512x512,float64,262144,512,36.33057334114762,223.7767972969627,7.668764423473936,0.0016863613371230343,7.668764423473936,46.22336120523777,4547.521491780048,0.9929873295134198,99.29873295134199,0.08374168905975185,0.975308971343448,97.5308971343448,0.15713379221718043,0.9383622360367946,93.83622360367946,0.24826953893541878,0.8715854576545347,87.15854576545347,0.35834974863318286,0.8215524852288858,82.15524852288858,0.42243048513467185,0.7555136513323671,75.55136513323671,0.4944556083893001,0.6674726270559087,66.74726270559087,0.5766518645977756,0.546721111657379,54.6721111657379,0.6732598965797837
seed1,m_wv,9,layers.m_wv[9],512x512,float64,262144,512,35.955372344091515,211.2082018484246,7.659786894016681,0.0022362400385457786,7.659786894016681,45.93022600242221,3425.2972677288353,0.993613127549741,99.3613127549741,0.07991791069753414,0.9775829634824109,97.75829634824109,0.14972319966387668,0.9440938332544528,94.40938332544529,0.23644484926838047,0.8828690526709382,88.28690526709381,0.34224398801010636,0.836177045739696,83.6177045739696,0.40475048395314367,0.7738632071021928,77.38632071021928,0.4755384242075578,0.6901279200988139,69.01279200988138,0.5566615487899144,0.5724986216326604,57.249862163266044,0.6538358955941006
seed1,m_wv,10,layers.m_wv[10],512x512,float64,262144,512,26.623979170556765,195.45198566861163,8.891294269078823,0.00030911403295030024,8.891294269078823,45.87768196615337,28763.800155615638,0.9941981148439594,99.41981148439594,0.07617010670886992,0.9796608482198588,97.96608482198587,0.1426153981172483,0.9486649415841835,94.86649415841835,0.22657241318354832,0.891739647641762,89.17396476417619,0.32902940956430937,0.848109117953489,84.8109117953489,0.3897318078454863,0.7902202480733003,79.02202480733003,0.45801719610370495,0.7120355542789806,71.20355542789805,0.5366231878339022,0.601353479144093,60.1353479144093,0.6313846061283939
seed1,m_wv,11,layers.m_wv[11],512x512,float64,262144,512,16.07962711544889,200.3133682199556,11.523141521074084,0.0011065222813639005,11.523141521074084,46.20711805366317,10413.835957167214,0.9937378680121343,99.37378680121343,0.07913363373348742,0.9779778720461194,97.79778720461194,0.14839854431186508,0.9449376268291204,94.49376268291203,0.2346537303579033,0.8841711333361439,88.4171133336144,0.3403364022020801,0.8381724520106507,83.81724520106508,0.402277948673985,0.7772728178700161,77.72728178700162,0.4719398077403345,0.6944122247515454,69.44122247515455,0.5527999414331143,0.5757535684634593,57.575356846345926,0.6513420234688844
seed1,m_w_read,0,layers.m_w_read[0],512x512,float64,262144,512,2.848095800472063,37.83457517759474,24.676389610277138,0.0008524782406601985,24.676389610277138,41.64462112665533,28946.650405019842,0.9993708563117736,99.93708563117735,0.025082736856778986,0.9978024932042481,99.7802493204248,0.04687757241743566,0.994462738405098,99.4462738405098,0.07441277843826272,0.9878530814920364,98.78530814920364,0.11021305960712445,0.9819718049789378,98.19718049789378,0.13426911417396867,0.971011065741971,97.1011065741971,0.17026137042215111,0.9462806955365408,94.62806955365409,0.2317742532367631,0.8868637571548906,88.68637571548906,0.336357314243513
seed1,m_w_read,1,layers.m_w_read[1],512x512,float64,262144,512,8.915460058541159,130.9965050323378,15.383002733476326,0.0020420944340193118,15.383002733476326,45.93175044496492,7532.953656408062,0.9965152804987479,99.6515280498748,0.05903151278132778,0.9875455793362456,98.75455793362457,0.11159937573192043,0.9679368941029489,96.79368941029489,0.179061737669026,0.929366283178452,92.9366283178452,0.2657700450042253,0.8981804510538465,89.81804510538464,0.31909175631180686,0.8544997256852435,85.44997256852434,0.3814449820285444,0.7922446532409562,79.22446532409562,0.45580187226364466,0.696488497821687,69.6488497821687,0.5509187800196259
seed1,m_w_read,2,layers.m_w_read[2],512x512,float64,262144,512,10.854405602305162,139.35548309240173,14.109983238923538,0.000548390465837224,14.109983238923538,46.48678598817293,25729.811362387423,0.9959444002134246,99.59444002134245,0.0636835911878047,0.9857120724452886,98.57120724452886,0.11953211934334396,0.9636925464298587,96.36925464298587,0.19054514837733685,0.9213346171625109,92.13346171625109,0.2804734975670413,0.8879021985722099,88.79021985722099,0.33481009755948243,0.8416998612035504,84.16998612035505,0.3978694997061845,0.7758498778949589,77.58498778949588,0.4734449515044396,0.6781537844873907,67.81537844873907,0.5673149174070864
seed1,m_w_read,3,layers.m_w_read[3],512x512,float64,262144,512,13.089647928512678,161.94733950327426,13.432001126750878,0.0008689414833490554,13.432001126750878,48.59646760946461,15457.889149199727,0.9952990885014484,99.52990885014485,0.06856319346815434,0.9834368076834326,98.34368076834326,0.12869806648340698,0.9578473923853692,95.78473923853691,0.20531100217628573,0.9094619387550023,90.94619387550023,0.30089543240966243,0.8717899953072105,87.17899953072104,0.35806424659939107,0.8202254765846748,82.02254765846749,0.4239982587409118,0.7479480003633768,74.79480003633768,0.5020478061266906,0.6429340017112691,64.29340017112692,0.5975499964762203
seed1,m_w_read,4,layers.m_w_read[4],512x512,float64,262144,512,23.297330551811463,189.95852692004357,10.0195584392955,0.0025051543036335115,10.0195584392955,48.361711670238186,3999.5773612679222,0.9943984166398894,99.43984166398894,0.07484372625752027,0.9803022851678019,98.0302285167802,0.14034854766686425,0.9504258651116473,95.04258651116473,0.22265249805100484,0.8946463363673701,89.464633636737,0.32458229100280545,0.8516690935545563,85.16690935545563,0.3851375162788529,0.7935652676637059,79.35652676637059,0.4543508912022668,0.71433364847293,71.433364847293,0.5344776436176447,0.602075468324932,60.2075468324932,0.6308125963192777
seed1,m_w_read,5,layers.m_w_read[5],512x512,float64,262144,512,19.079291538965684,198.40955076341697,11.277955225095726,6.792406566859256e-05,11.277955225095726,49.26193741907356,166037.6939172318,0.9937146623124133,99.37146623124133,0.07928012164210305,0.9778685432800787,97.78685432800786,0.1487664502497836,0.9446496261811405,94.46496261811404,0.23526660157969628,0.8834547413006102,88.34547413006102,0.34138725620530974,0.8369977819658884,83.69977819658884,0.4037353316643363,0.7756386565502963,77.56386565502963,0.47366796751490775,0.6933678548700519,69.33678548700519,0.5537437540324478,0.5790674299266146,57.906742992661464,0.648793164323874
seed1,m_w_read,6,layers.m_w_read[6],512x512,float64,262144,512,15.841136561587383,202.39089682487906,12.66371561860833,0.0025163349576714984,12.66371561860833,50.40275995829857,5032.603302672692,0.9932982079342723,99.32982079342723,0.08186447377054189,0.9767406858961472,97.67406858961472,0.15251004591125414,0.9421979264841569,94.21979264841569,0.24042061790920324,0.8787891857395658,87.87891857395658,0.34815343493987566,0.831030583180086,83.1030583180086,0.41105889702074805,0.7675491182399389,76.7549118239939,0.4821316021171617,0.6823597815160586,68.23597815160586,0.5635957935293178,0.5663549379713715,56.63549379713715,0.6585173209784451
seed1,m_w_read,7,layers.m_w_read[7],512x512,float64,262144,512,19.555553247726603,196.51803335094107,11.569809391941446,0.0030990029913916983,11.569809391941446,51.163619179654866,3733.3972971564262,0.9939105392987899,99.39105392987899,0.0780349966438782,0.9785544442095374,97.85544442095375,0.14644301209160712,0.9457652133719595,94.57652133719596,0.23288363323351105,0.8851930403356952,88.51930403356953,0.33883175716615577,0.8392255335650078,83.92255335650079,0.40096691438944454,0.7779565001202045,77.79565001202045,0.471214918991107,0.6955185055261619,69.55185055261619,0.551798418332128,0.5809088347142368,58.09088347142368,0.6473725089048524
seed1,m_w_read,8,layers.m_w_read[8],512x512,float64,262144,512,17.71256593959524,203.36454805735852,11.848991721147199,0.0016748580588372892,11.848991721147199,49.86802127100687,7074.624418843553,0.9932132716509058,99.32132716509058,0.08238160200611674,0.9763797659159854,97.63797659159854,0.15368875718156677,0.9413492264099954,94.13492264099955,0.24217921791517247,0.87763370320192,87.763370320192,0.3498089432791563,0.829959678460266,82.9959678460266,0.41235945671190083,0.7677883417565537,76.77883417565538,0.48188344881666795,0.6848585575599042,68.48585575599043,0.5613746008149066,0.570793865721662,57.0793865721662,0.6551382558501205
seed1,m_w_read,9,layers.m_w_read[9],512x512,float64,262144,512,17.887215098805328,206.71771313565677,11.970187219510022,0.00046555841642880965,11.970187219510022,50.62584764330134,25711.461327088757,0.9929540907389203,99.29540907389203,0.08393991458823227,0.9757688983471159,97.5768898347116,0.15566342426171959,0.9397195702998188,93.97195702998188,0.24552073171156283,0.8741658192469979,87.41658192469978,0.35473113868534595,0.8249750223606421,82.49750223606421,0.4183598661910077,0.7604053808163213,76.04053808163212,0.48948403363509085,0.674580886027569,67.4580886027569,0.5704551813880131,0.5574618428448946,55.746184284489466,0.6652354148383153
seed1,m_w_read,10,layers.m_w_read[10],512x512,float64,262144,512,19.149779310377436,202.06005811268113,11.6121236018727,8.750674543166897e-05,11.6121236018727,50.81518798980384,132699.75411141544,0.9931040845700481,99.31040845700481,0.08304164876706108,0.975829034718723,97.5829034718723,0.1554701427325422,0.9398682607901465,93.98682607901465,0.2452177383670551,0.8745568196944509,87.45568196944508,0.3541795876466473,0.8257462280701277,82.57462280701276,0.41743714728072817,0.7615733907908881,76.15733907908881,0.488289472760894,0.6770236912485571,67.70236912485571,0.5683100463228175,0.5630195569173381,56.30195569173381,0.6610449629810834
seed1,m_w_read,11,layers.m_w_read[11],512x512,float64,262144,512,11.637040953964837,174.46898537575981,14.873799506047103,0.00011614172853293711,14.873799506047103,50.739151975877974,128065.93886562469,0.9934042808726882,99.34042808726882,0.0812140328226091,0.9771396777439831,97.71396777439831,0.15119630371148912,0.9436481496502419,94.3648149650242,0.23738544679436036,0.8828474231074873,88.28474231074873,0.3422755861765672,0.8374652609412216,83.74652609412216,0.40315597361167593,0.7782926584805899,77.829265848059,0.47085809063815615,0.7006030961767368,70.06030961767368,0.5471717315644725,0.595264776774955,59.52647767749551,0.6361880407749307
seed1,m_w_out,0,layers.m_w_out[0],512x512,float64,262144,512,5.6812573788764915,70.92721916394727,18.10022563571985,0.0008418253890709633,18.10022563571985,43.14259072850665,21501.163864510214,0.9994155279955584,99.94155279955585,0.02417585581611457,0.9979408382505115,99.79408382505115,0.04537798749932067,0.9947792813805825,99.47792813805825,0.07225454047613569,0.9884692675296322,98.84692675296321,0.10738124822504087,0.9825650207246129,98.25650207246129,0.13204158161498622,0.9706179534624206,97.06179534624206,0.17141192064025002,0.9397839141254661,93.97839141254661,0.2453896613032706,0.8559078856157917,85.59078856157917,0.37959467117467327
seed1,m_w_out,1,layers.m_w_out[1],512x512,float64,262144,512,4.24570916172576,100.21320541454064,20.468094631376594,0.0006104496244416907,20.468094631376594,42.174751920964844,33529.53923117972,0.9957723161190526,99.57723161190526,0.06502064196043753,0.9851574251551931,98.5157425155193,0.12183010647950238,0.9624688393018641,96.24688393018641,0.19372960718004847,0.9187528270745993,91.87528270745993,0.28503889721474984,0.884250073206181,88.42500732061809,0.3402204091376927,0.8376504929379273,83.76504929379273,0.4029261806610148,0.7724356628276385,77.24356628276385,0.4770370396230899,0.6790549090536576,67.90549090536577,0.5665201593468165
seed1,m_w_out,2,layers.m_w_out[2],512x512,float64,262144,512,4.56833477314383,107.21918575052248,20.300840754451524,0.0023546522184499943,20.300840754451524,43.390333235809464,8621.587763739919,0.9953310389580698,99.53310389580699,0.06832979615021659,0.98354686002798,98.35468600279799,0.12826979368510744,0.9585617968557633,95.85617968557632,0.20356375695156725,0.9118297360227925,91.18297360227925,0.29693478067954165,0.8762615700594173,87.62615700594174,0.35176473663598334,0.8288073862349393,82.88073862349393,0.41375429153672916,0.7637349886562559,76.37349886562559,0.48607099413948174,0.671664613837744,67.1664613837744,0.5730055725403166
seed1,m_w_out,3,layers.m_w_out[3],512x512,float64,262144,512,5.694765379101432,136.5550035719895,18.506682679339157,0.001400169171130484,18.506682679339157,44.16380631331774,13217.461904547596,0.9944585406207188,99.44585406207189,0.07444097916659337,0.9807336365798899,98.07336365798899,0.13880332640145956,0.9518303863314534,95.18303863314534,0.21947577011721944,0.8983171757843902,89.83171757843903,0.3188774438802623,0.857548871124339,85.75488711243389,0.3774269848270802,0.8026271334226391,80.26271334226391,0.4442666615641566,0.7287381407235509,72.87381407235509,0.5208280515452763,0.6264667427263687,62.64667427263687,0.6111736719408251
seed1,m_w_out,4,layers.m_w_out[4],512x512,float64,262144,512,6.8710151828952455,150.4487611566881,17.12504634929069,0.00034705670819510395,17.12504634929069,44.88923556371635,49343.6546388942,0.9940835238764618,99.40835238764618,0.07691863313617958,0.9791667182295247,97.91667182295247,0.14433738867831605,0.9479758698862423,94.79758698862423,0.22808798765774083,0.8909437893794816,89.09437893794816,0.33023659794232135,0.8481854038243261,84.8185403824326,0.38963392585306783,0.7918871676240001,79.18871676240002,0.4561938539436934,0.7178423285067032,71.78423285067032,0.5311851574482261,0.6165936731995557,61.65936731995557,0.6191981321034845
seed1,m_w_out,5,layers.m_w_out[5],512x512,float64,262144,512,6.871037863615049,162.96886108251982,17.1044168016294,0.002072990271733078,17.1044168016294,44.83523411029484,8251.083970273352,0.9934209372699261,99.3420937269926,0.08111142169925216,0.976591923252583,97.6591923252583,0.15299698280494606,0.9415921801928557,94.15921801928557,0.24167709822642333,0.8782974852430965,87.82974852430965,0.34885887512990627,0.8313258245212041,83.1325824521204,0.41069961709112407,0.7698352251413638,76.98352251413638,0.47975491123972475,0.6896581160088607,68.96581160088607,0.5570833725674634,0.5824523948959673,58.245239489596734,0.6461792360514478
seed1,m_w_out,6,layers.m_w_out[6],512x512,float64,262144,512,9.156180756036436,196.09835372577817,15.084333407801935,0.002561824248758045,15.084333407801935,45.64395850237253,5888.121878428904,0.9924483424979738,99.24483424979738,0.08690027331387538,0.9737860554165236,97.37860554165236,0.16190720979461157,0.9351131544737991,93.5113154473799,0.2547289648355698,0.8651025248777111,86.51025248777111,0.3672839162314202,0.8133821917869469,81.33821917869469,0.4319928335204799,0.7465332167847761,74.65332167847761,0.5034548472457325,0.6589314638430325,65.89314638430325,0.5840107329124762,0.5415780246703852,54.15780246703852,0.6770686636742353
seed1,m_w_out,7,layers.m_w_out[7],512x512,float64,262144,512,8.487460558336354,187.45821407946713,15.591308429027565,0.0014672518672656557,15.591308429027565,45.422543284528615,10626.19770802081,0.9927198586776201,99.27198586776201,0.08532374418870671,0.9743320640268974,97.43320640268975,0.1602121592548536,0.9357705226044878,93.57705226044878,0.2534353515110159,0.8668285506977462,86.68285506977462,0.36492663550671905,0.815713036687711,81.5713036687711,0.42928657481021815,0.7498347018265793,74.98347018265792,0.5001652708589639,0.6637963369818393,66.37963369818392,0.5798307192777568,0.5494806252198914,54.94806252198914,0.6712074007191136
seed1,m_w_out,8,layers.m_w_out[8],512x512,float64,262144,512,8.888596404384678,195.8976995425387,15.36224560237048,0.0022746859027215865,15.36224560237048,45.80061373003267,6753.567859188849,0.9922996900607088,99.22996900607089,0.08775140989916436,0.9731580612392563,97.31580612392563,0.16383509624236103,0.9334584013256312,93.34584013256311,0.2579565829250512,0.8619464796912071,86.19464796912071,0.37155554135121294,0.8091818598332426,80.91818598332426,0.4368273573927775,0.741224718259489,74.12247182594889,0.5086995987225772,0.6534776526126049,65.34776526126049,0.588661487943109,0.5374243105502918,53.742431055029186,0.6801291711503838
seed1,m_w_out,9,layers.m_w_out[9],512x512,float64,262144,512,8.588179207839474,193.86260166648995,15.502018146506193,0.002829647593787351,15.502018146506193,45.429587142985454,5478.427130128055,0.992084241809531,99.2084241809531,0.08897054675828944,0.9724874015198421,97.24874015198421,0.16586922101510532,0.9321276017114581,93.21276017114582,0.2605233162090139,0.8597649401908867,85.97649401908866,0.37447971882214576,0.8069379292203632,80.69379292203632,0.4393882915823279,0.7392390293300549,73.9239029330055,0.5106475992991106,0.6523322838441225,65.23322838441224,0.589633543954105,0.5369688136775115,53.696881367751146,0.6804639493187633
seed1,m_w_out,10,layers.m_w_out[10],512x512,float64,262144,512,8.019379221810983,189.4355785098866,15.847576408896638,0.0001454838991652522,15.847576408896638,44.87797268246488,108930.10497949123,0.9919155783742041,99.1915578374204,0.08991341182379814,0.9719841722292394,97.19841722292394,0.16737929313616012,0.9310022252221138,93.10022252221138,0.26267427505921886,0.8585228155777939,85.85228155777939,0.3761345296861299,0.8056450311070428,80.56450311070428,0.4408570844309494,0.7377443290288638,73.77443290288637,0.5121090420712529,0.6502889437726144,65.02889437726144,0.59136372582987,0.5361626950210914,53.616269502109134,0.6810560219092909
seed1,m_w_out,11,layers.m_w_out[11],512x512,float64,262144,512,7.298175805333918,170.85462322025754,16.397666770269627,0.00041067397165721944,16.397666770269627,44.29852001379339,39928.67311288089,0.9923708408455104,99.23708408455104,0.08734505798549558,0.9733832686224044,97.33832686224045,0.16314634956870955,0.9346660477356016,93.46660477356016,0.25560507088944545,0.8662458281851702,86.62458281851701,0.3657241745015358,0.8163644147519823,81.63644147519823,0.4285272281291093,0.7522053424286284,75.22053424286284,0.4977897724656179,0.6692546763355005,66.92546763355006,0.5751046197558315,0.5611122271369484,56.11122271369484,0.6624860548442145
seed2,m_wq,0,layers.m_wq[0],512x512,float64,262144,512,4.665231746794115,21.206554321847836,17.065253590888293,0.0008229225731907465,17.065253590888293,36.85949302058868,20737.37450744678,0.9989305616635413,99.89305616635413,0.032702268062913806,0.9963289883714217,99.63289883714216,0.06058887380186483,0.9910454334307314,99.10454334307313,0.09462857163282466,0.9818847839447854,98.18847839447854,0.13459277861465896,0.9753413068402509,97.53413068402509,0.1570308669012214,0.9671393556485336,96.71393556485336,0.18127505165208588,0.9569054245519519,95.6905424551952,0.20759232993549656,0.94404941315586,94.404941315586,0.2365387639355123
seed2,m_wq,1,layers.m_wq[1],512x512,float64,262144,512,4.452472898466157,26.10441245908273,18.734099717326867,0.0007371504007222267,18.734099717326867,39.53060579947773,25414.216283369096,0.9989383749318805,99.89383749318806,0.03258258841957565,0.9963297879338358,99.63297879338357,0.06058227518147735,0.9910121053588483,99.10121053588483,0.09480450749385118,0.9817613946761762,98.17613946761762,0.13505038068744502,0.9750237666388274,97.50237666388274,0.1580387084266782,0.9663715535010367,96.63715535010367,0.18338060556930044,0.9551507258003806,95.51507258003807,0.2117764722522768,0.9392803848188782,93.92803848188782,0.24641350446175184
seed2,m_wq,2,layers.m_wq[2],512x512,float64,262144,512,5.709268709506909,30.683709462266783,17.61121274547516,0.00043537848851669443,17.61121274547516,42.08036569191071,40450.35115417712,0.9990821122203578,99.90821122203577,0.030296662846627024,0.9967876991571644,99.67876991571643,0.05667716332735466,0.992120909482098,99.21209094820979,0.08876424121177419,0.983904736722366,98.3904736722366,0.1268671087304901,0.9779413833955547,97.79413833955547,0.14852143483162725,0.970287285964212,97.0287285964212,0.17237376260843185,0.9601480785299286,96.01480785299286,0.1996294604262393,0.9456030125495349,94.56030125495349,0.23323161760461436
seed2,m_wq,3,layers.m_wq[3],512x512,float64,262144,512,6.376919719002621,36.99662170539274,16.486843875295246,0.0002706613487166268,16.486843875295246,41.63350746759114,60913.18155868797,0.9989803538462596,99.89803538462596,0.03193189868674261,0.9964749146869781,99.64749146869781,0.05937242889609511,0.991326608267341,99.1326608267341,0.09313104601935393,0.9822160291200532,98.22160291200532,0.1333565554442179,0.9755380898289046,97.55380898289046,0.15640303760188115,0.9669308056124148,96.69308056124149,0.18184937279953747,0.9552434943496263,95.52434943496263,0.21155733419187742,0.937037729930837,93.7037729930837,0.25092283688250255
seed2,m_wq,4,layers.m_wq[4],512x512,float64,262144,512,3.2773132211583453,28.69986644370766,24.906150104723327,0.00038320167866466055,24.906150104723327,45.08847806283714,64994.88778732276,0.9990961254579028,99.90961254579028,0.030064506350465356,0.996865068016252,99.6865068016252,0.05599046332857083,0.9922306631118438,99.22306631118438,0.088143842031966,0.9838569587993143,98.38569587993143,0.12705526829173852,0.9774724630106246,97.74724630106246,0.15009176189709872,0.9687590507323369,96.8759050732337,0.17675109410598588,0.9562341935199803,95.62341935199802,0.20920278793558109,0.9350319563659403,93.50319563659403,0.25488829638502375
seed2,m_wq,5,layers.m_wq[5],512x512,float64,262144,512,6.774281107521703,51.95793472590287,16.366620359546175,0.0013363671766663434,16.366620359546175,42.59813796359065,12247.098436205082,0.9990128804850326,99.90128804850326,0.03141845818889651,0.9965602318014516,99.65602318014516,0.05864953707019698,0.991466326752949,99.1466326752949,0.09237788288898491,0.9818690178494702,98.18690178494703,0.13465133549478733,0.9744050716498246,97.44050716498246,0.15998415030925847,0.9638932959004333,96.38932959004333,0.19001764154826975,0.9475717414155554,94.75717414155554,0.2289721786253617,0.9157159800747896,91.57159800747895,0.29031710236431196
seed2,m_wq,6,layers.m_wq[6],512x512,float64,262144,512,5.706811737010344,42.9402239302228,17.427393840990007,1.4706384613718825e-05,17.427393840990007,41.63218634642659,1185022.3082519474,0.9990300673749203,99.90300673749203,0.031143741346853573,0.9966116782257626,99.66116782257626,0.05820929285120567,0.9914684917054712,99.14684917054713,0.09236616422981284,0.9818717357292506,98.18717357292506,0.1346412428297861,0.974476113474414,97.4476113474414,0.15976196833284828,0.9642134170642673,96.42134170642673,0.1891734202675753,0.9488213175030806,94.88213175030806,0.22622705960366318,0.9215096674602082,92.15096674602083,0.28016126166868927
seed2,m_wq,7,layers.m_wq[7],512x512,float64,262144,512,5.681286354653224,42.153241062353615,18.278766292660976,0.0012066645697633015,18.278766292660976,43.568260421856394,15148.17518529323,0.9990711648207488,99.90711648207487,0.03047679739164274,0.9967627864723824,99.67627864723823,0.05689651595324298,0.9919196126018166,99.19196126018166,0.08989097506526113,0.9829932147136342,98.29932147136343,0.13041006589357199,0.9761190884417618,97.61190884417617,0.15453449957287285,0.9666255094970546,96.66255094970546,0.1826868646152355,0.9525572887421405,95.25572887421406,0.2178134781363621,0.9276963818844699,92.76963818844699,0.26889332106902564
seed2,m_wq,8,layers.m_wq[8],512x512,float64,262144,512,21.820927217438413,96.42742909708916,10.021786986595917,0.0005208809432986592,10.021786986595917,46.81464861045173,19240.072257451917,0.9990988593909212,99.90988593909212,0.03001900413202867,0.996791657821294,99.6791657821294,0.05664222964101983,0.9918134464409296,99.18134464409296,0.09047957536964012,0.981706502859255,98.1706502859255,0.1352534551896735,0.9728022974878434,97.28022974878434,0.16491725959449055,0.9579610683939067,95.79610683939067,0.20503397671140577,0.9278709021458083,92.78709021458083,0.2685686092122304,0.850671828849739,85.0671828849739,0.38643003396509046
seed2,m_wq,9,layers.m_wq[9],512x512,float64,262144,512,6.192354165968191,43.3463722020265,17.692505611866462,0.00154180249375071,17.692505611866462,44.026811656052224,11475.208843920263,0.9991202279540079,99.91202279540079,0.029660951535513826,0.9969051250828483,99.69051250828484,0.055631599987342246,0.9923195134829536,99.23195134829535,0.08763838495229387,0.9839456394996873,98.39456394996873,0.12670580294648198,0.9776150491486402,97.76150491486402,0.14961601134691377,0.969025467659097,96.9025467659097,0.17599583046453962,0.9566591787329567,95.66591787329567,0.20818458460472838,0.9344489437323059,93.4448943732306,0.256029405084053
seed2,m_wq,10,layers.m_wq[10],512x512,float64,262144,512,10.310840523292827,63.50422805305989,13.317641274659408,0.0005709494233555828,13.317641274659408,42.76360874016047,23325.430817302513,0.9989895445022905,99.89895445022906,0.0317876626650892,0.9964502354744098,99.64502354744099,0.0595799003489448,0.9910604526315903,99.10604526315903,0.09454917962843326,0.9808098110663236,98.08098110663236,0.13852865744558565,0.9725397004533944,97.25397004533944,0.16571149491391826,0.9604311654031755,96.04311654031756,0.19891916598665016,0.9407162054074435,94.07162054074435,0.24348263714802437,0.9010295678983051,90.10295678983051,0.3145956644674158
seed2,m_wq,11,layers.m_wq[11],512x512,float64,262144,512,9.642989954363568,63.84168855369544,14.505240664055924,0.000879416886290135,14.505240664055924,45.04336174398989,16494.15753801024,0.9991287994515982,99.91287994515982,0.02951610659287299,0.9969482612516751,99.69482612516751,0.05524254473071342,0.9922402656987316,99.22402656987316,0.08808935407453285,0.983095970645928,98.30959706459281,0.1300154965920293,0.9756307950023698,97.56307950023698,0.1561063899961503,0.9643930447283605,96.43930447283606,0.18869805317395166,0.9457092677392815,94.57092677392815,0.23300371726802654,0.9041566663106225,90.41566663106225,0.30958574529421967
seed2,m_wk,0,layers.m_wk[0],512x512,float64,262144,512,6.469531358095523,26.066042156582522,14.963393786758544,0.001277967651414424,14.963393786758544,38.0598012804267,11708.742212838813,0.9989757896946361,99.89757896946361,0.03200328585261092,0.9964841088794043,99.64841088794043,0.05929495021159638,0.991418416009505,99.1418416009505,0.09263683927301829,0.9825972743051922,98.25972743051922,0.13191939089765323,0.9763267571805718,97.63267571805719,0.15386111535871622,0.9684222056618763,96.84222056618763,0.17770141906615064,0.9584494205987351,95.8449420598735,0.20383959233001067,0.9456986199935485,94.56986199935486,0.23302656502307084
seed2,m_wk,1,layers.m_wk[1],512x512,float64,262144,512,6.705028972410273,31.863784183956852,15.617974620437167,0.0006816944473373592,15.617974620437167,40.44129389594579,22910.520514637687,0.9991671570491024,99.91671570491025,0.028859018536630508,0.9970037272667699,99.70037272667699,0.05473822004075498,0.9923981851915805,99.23981851915805,0.0871883868896511,0.9839575053472612,98.39575053472612,0.1266589698866163,0.9776289899633867,97.76289899633866,0.14956941544518165,0.969255933926138,96.92559339261379,0.17533985877107933,0.9579625335393981,95.7962533539398,0.20503040374686363,0.9408134093062829,94.08134093062829,0.24328294369667003
seed2,m_wk,2,layers.m_wk[2],512x512,float64,262144,512,8.052378536591656,36.84136294137753,14.960707085174073,0.0001814765406960454,14.960707085174073,42.45356946533228,82438.79361923547,0.9991381446975987,99.91381446975987,0.029357372198501496,0.9969874261510792,99.69874261510792,0.05488691874136169,0.9924672286932945,99.24672286932945,0.08679153937282993,0.9842060533482754,98.42060533482754,0.12567396966645328,0.9780269847077959,97.80269847077959,0.14823297639932917,0.9699558722721504,96.99558722721504,0.17333241972536353,0.9589289324729721,95.89289324729721,0.20265998008247196,0.9423162969085026,94.23162969085026,0.240174318134761
seed2,m_wk,3,layers.m_wk[3],512x512,float64,262144,512,9.022308714730777,43.88549566739734,14.135813549288136,0.00037780637416288195,14.135813549288136,42.45996675694806,37415.49776816054,0.9993572878603206,99.93572878603206,0.0253517679793613,0.9975624037743019,99.75624037743019,0.04937201865123663,0.9935386928915096,99.35386928915096,0.08038225617939793,0.9857389287826253,98.57389287826253,0.11941972708633504,0.9795682757173879,97.95682757173878,0.14293958263060685,0.9709975275588313,97.09975275588313,0.17030112284177318,0.95842718123704,95.842718123704,0.20389413616619786,0.9363718392548493,93.63718392548493,0.2522462303883859
seed2,m_wk,4,layers.m_wk[4],512x512,float64,262144,512,3.266817534260861,25.2675728487847,23.11416214009045,0.0001227303665998878,23.11416214009045,41.77732170165886,188332.86969185653,0.9994994329753167,99.94994329753168,0.022373355239732433,0.998108728097538,99.8108728097538,0.043488756046384754,0.9949298443056269,99.49298443056269,0.07120502576625529,0.988523538105112,98.85235381051119,0.10712824975181871,0.9833276503762073,98.33276503762073,0.1291214529959786,0.9759983857733292,97.59983857733292,0.1549245436548735,0.9649985705897013,96.49985705897012,0.1870866895594091,0.945831720393102,94.5831720393102,0.232740799188492
seed2,m_wk,5,layers.m_wk[5],512x512,float64,262144,512,8.18130557521419,55.00287986006817,15.11220492049167,9.473010476441425e-05,15.11220492049167,43.22541195698746,159529.06373400986,0.9994751075493673,99.94751075493673,0.02291053143496887,0.9979130158227877,99.79130158227876,0.04568352194404799,0.9941623459174435,99.41623459174434,0.07640454229007947,0.9862420448639977,98.62420448639978,0.11729430990462542,0.9794990338084509,97.9499033808451,0.1431815846802551,0.9693835255204294,96.93835255204294,0.17497563967470045,0.9525306051323974,95.25306051323975,0.21787472287441376,0.9180730281638452,91.80730281638452,0.2862288801573923
seed2,m_wk,6,layers.m_wk[6],512x512,float64,262144,512,8.19219322476355,49.44126873208418,14.786799821256613,0.0001520641512021427,14.786799821256613,42.32278977476015,97240.53765703231,0.999252673850435,99.9252673850435,0.02733726668057661,0.9972381455410003,99.72381455410003,0.05255334869444268,0.992655241743642,99.26552417436419,0.08570156507531267,0.9834336381604002,98.34336381604002,0.12871037968866306,0.9759453202217997,97.59453202217998,0.15509571166927957,0.965063490085415,96.5063490085415,0.1869131079260761,0.948528231820173,94.8528231820173,0.22687390369944935,0.9180347572912116,91.80347572912116,0.28629572597017294
seed2,m_wk,7,layers.m_wk[7],512x512,float64,262144,512,10.121853228478818,51.62769608482279,13.965428017474727,0.00023490540463432758,13.965428017474727,44.43081385391211,59451.28439771074,0.9993899038018879,99.93899038018878,0.024700125467538463,0.9976431799378204,99.76431799378204,0.048547091181446,0.9935820002991169,99.35820002991169,0.08011241914262159,0.9851788954409262,98.51788954409261,0.12174195890930052,0.9782625468813411,97.8262546881341,0.14743626798945683,0.9681697533788882,96.81697533788882,0.17841033215907587,0.952295910540305,95.22959105403051,0.21841265865259493,0.9223168659863551,92.2316865986355,0.2787169424589128
seed2,m_wk,8,layers.m_wk[8],512x512,float64,262144,512,20.59199537283529,100.94360165950717,10.355594056454901,1.853431003727891e-05,10.355594056454901,46.99203293499258,558725.6302298936,0.9991502388525935,99.91502388525934,0.029150662898235022,0.996813862013429,99.6813862013429,0.05644588547069635,0.9914245031807417,99.14245031807417,0.09260397842025087,0.9800568054808655,98.00568054808654,0.14122037572225374,0.9698351599755232,96.98351599755232,0.17368028104674646,0.952952162004816,95.2952162004816,0.21690513593546829,0.9192056889833973,91.92056889833972,0.28424340100801415,0.8355354109121929,83.55354109121929,0.4055423394515142
seed2,m_wk,9,layers.m_wk[9],512x512,float64,262144,512,9.556928497536381,45.523812024357476,14.333725823132372,0.0005291622822866292,14.333725823132372,44.31168464212313,27087.58031882605,0.9993785403823572,99.93785403823571,0.024929091793381014,0.9977142950198843,99.77142950198842,0.04780904705299731,0.9939539111959648,99.39539111959648,0.07775659974584301,0.9865925834533894,98.65925834533894,0.11579039919877034,0.9807401759199521,98.07401759199522,0.13877976826629987,0.9725586221273709,97.25586221273709,0.16565439285641997,0.9605641070215118,96.05641070215118,0.1985847249374638,0.9388414660594968,93.88414660594968,0.24730251503068704
seed2,m_wk,10,layers.m_wk[10],512x512,float64,262144,512,11.272169030886529,67.75596646873511,12.890785636754309,0.0005490365060975153,12.890785636754309,43.279589488570025,23478.922610047273,0.9992443769607604,99.92443769607604,0.027488598349853975,0.9971862285162261,99.71862285162261,0.053044994898424964,0.992488102947446,99.2488102947446,0.08667120082561422,0.9827127467257758,98.27127467257758,0.13148099967000632,0.9743303190460597,97.43303190460597,0.16021760500625482,0.9615865933038927,96.15865933038927,0.1959933843171939,0.9402570068171566,94.02570068171566,0.24442379831522826,0.896359579309653,89.6359579309653,0.3219323231524709
seed2,m_wk,11,layers.m_wk[11],512x512,float64,262144,512,9.194669846001993,68.73117390681831,14.985373071715829,0.00030172623162364555,14.985373071715829,45.43971819047451,49665.46326143644,0.9992005680014728,99.92005680014728,0.028274228522227923,0.9970387133248013,99.70387133248013,0.05441770553044921,0.9921198697739579,99.2119869773958,0.08877009758945892,0.9820598288609015,98.20598288609015,0.13394092406392646,0.9736198206923529,97.36198206923528,0.16241976267575056,0.9608051324713198,96.08051324713199,0.19797693686053477,0.9395674871258793,93.95674871258794,0.2458302521540436,0.8939089317646183,89.39089317646183,0.32571623882665374
seed2,m_wv,0,layers.m_wv[0],512x512,float64,262144,512,22.047808068546736,106.11153268181674,8.927760325115228,0.0005171701032267165,8.927760325115228,41.920382093124886,17262.715438137933,0.998613381420367,99.8613381420367,0.03723732777245111,0.9951312660367796,99.51312660367796,0.06977631376921832,0.9879664354754162,98.79664354754162,0.10969760491726252,0.9745960806425802,97.45960806425802,0.15938607014861686,0.9636531226519144,96.36531226519143,0.19064857027548257,0.9455781843095623,94.55781843095623,0.23328483810663242,0.9058066278815576,90.58066278815576,0.30690938747200674,0.8107380014478657,81.07380014478657,0.4350425249928268
seed2,m_wv,1,layers.m_wv[1],512x512,float64,262144,512,24.651585356703198,151.19163430035167,8.84907390949658,0.0003706538684855429,8.84907390949658,43.93597308969853,23874.225151495302,0.9962930395235302,99.62930395235303,0.06088481318415775,0.9869296588218346,98.69296588218346,0.11432559283977238,0.9668287419396849,96.68287419396849,0.1821297835619289,0.9277728447427722,92.77728447427722,0.2687511028018821,0.8964974923824345,89.64974923824344,0.321718056095031,0.8523420166459552,85.23420166459552,0.3842629091573174,0.7882719520283951,78.8271952028395,0.4601391615279066,0.6881531736655783,68.81531736655782,0.5584324724927999
seed2,m_wv,2,layers.m_wv[2],512x512,float64,262144,512,27.166759700393754,164.829729179417,8.526078188758252,0.004050034563368899,8.526078188758252,44.439404606612456,2105.1865250419223,0.9956124816018377,99.56124816018377,0.066238345376091,0.9847490217201255,98.47490217201255,0.12349485122819712,0.9616015430001316,96.16015430001316,0.19595524233831674,0.9174818415442578,91.74818415442579,0.2872597404018568,0.8828162758764955,88.28162758764955,0.3423210833756877,0.8352853601560176,83.52853601560176,0.4058505141600567,0.7675174039110343,76.75174039110343,0.48216449069686346,0.6636035052042095,66.36035052042095,0.5799969782643617
seed2,m_wv,3,layers.m_wv[3],512x512,float64,262144,512,31.89272134223527,181.6733942236016,7.9698640334548365,0.001947142141424812,7.9698640334548365,45.00872406976219,4093.108491618864,0.995037765932744,99.5037765932744,0.07044312647275136,0.9823435929216578,98.23435929216579,0.13287741372536624,0.9553882068478725,95.53882068478725,0.21121504007084224,0.9043675573609412,90.43675573609413,0.3092449557212838,0.8649811065815418,86.49811065815418,0.3674491712039343,0.8120718542298266,81.20718542298266,0.4335068001429428,0.738802972129739,73.8802972129739,0.511074385848343,0.6323906230047693,63.23906230047693,0.6063079885629338
seed2,m_wv,4,layers.m_wv[4],512x512,float64,262144,512,38.00787974734852,208.3065671671885,7.307163192716442,0.0014214571821185638,7.307163192716442,45.04904910622103,5140.614353100473,0.9936613685015261,99.36613685015261,0.07961552297431645,0.9777939677403913,97.77939677403913,0.14901688582039524,0.9444049805544702,94.44049805544702,0.23578596108659608,0.8831530342721695,88.31530342721695,0.34182885444009914,0.8369487971306976,83.69487971306975,0.40379599164590824,0.7753132557658465,77.53132557658465,0.4740113334448381,0.6932266950298043,69.32266950298043,0.5538711988993431,0.5785535690197644,57.85535690197644,0.6491890564236551
seed2,m_wv,5,layers.m_wv[5],512x512,float64,262144,512,34.05448080360976,212.32293219622068,7.842370822123954,0.0026929341324296724,7.842370822123954,45.76510946870507,2912.2029862083014,0.9934461962395165,99.34461962395164,0.08095556658120265,0.9773534081673414,97.73534081673414,0.15048784612937552,0.9435846351234964,94.35846351234964,0.23751918843854186,0.8814256379360023,88.14256379360023,0.3443462821985998,0.8340124207446432,83.40124207446432,0.4074157327047604,0.770977815988262,77.0977815988262,0.478562622873682,0.6865780026873778,68.65780026873777,0.5598410464699978,0.5682317292861575,56.82317292861575,0.6570907629192808
seed2,m_wv,6,layers.m_wv[6],512x512,float64,262144,512,33.207994230797965,203.06952054265886,7.90009346899694,0.0011076056428220705,7.90009346899694,45.525377122405224,7132.58687349071,0.9937577329752243,99.37577329752243,0.07900801873718709,0.9783291232363561,97.83291232363561,0.14721031473250737,0.9457812901189514,94.57812901189514,0.23284911397952238,0.8863875740770232,88.63875740770231,0.33706442399484526,0.8413408346282426,84.13408346282426,0.39832043052266025,0.7816412528291063,78.16412528291063,0.4672887192848696,0.7013147709940812,70.13147709940813,0.5465210233887794,0.5883639064612363,58.836390646123625,0.6415887261624567
seed2,m_wv,7,layers.m_wv[7],512x512,float64,262144,512,35.50230234569205,217.25808702551242,7.779792365267806,0.001058383296668447,7.779792365267806,46.35496584099474,7350.637892488332,0.9932398484183184,99.32398484183183,0.08222014097337488,0.9763869209425609,97.63869209425609,0.1536654777672563,0.9413355489608017,94.13355489608017,0.24220745454919065,0.8770923313232175,87.70923313232176,0.3505819000986538,0.8287016639608759,82.87016639608758,0.41388203154899605,0.7645222588705822,76.45222588705822,0.48526048791285054,0.6782384653312483,67.82384653312484,0.5672402794837049,0.5593208583945689,55.93208583945689,0.6638366829314505
seed2,m_wv,8,layers.m_wv[8],512x512,float64,262144,512,14.298496650053997,181.1116677920593,12.489785855792459,0.004541782129153939,12.489785855792459,47.22806814434332,2749.974679679121,0.9946870277056413,99.46870277056414,0.07289013852613174,0.9814944131723302,98.14944131723303,0.13603524112401824,0.9533818645654054,95.33818645654054,0.2159123327524266,0.901245633192297,90.1245633192297,0.3142520752639559,0.8612021802437541,86.1202180243754,0.3725557941520249,0.8071454862804214,80.71454862804214,0.4391520394118404,0.732154182317025,73.2154182317025,0.5175382282334079,0.6209057352672538,62.09057352672538,0.6157063137021954
seed2,m_wv,9,layers.m_wv[9],512x512,float64,262144,512,24.01727743861772,164.82555336334872,9.63071187132357,0.00043110141998287474,9.63071187132357,47.19763935361322,22339.78229926996,0.9953630530700459,99.5363053070046,0.06809513147027538,0.9836336251142547,98.36336251142546,0.12793113337161258,0.9587943613025068,95.87943613025068,0.2029917207609541,0.9124218049294872,91.24218049294872,0.29593613343171327,0.8766960992221599,87.66960992221598,0.3511465517100234,0.8284274157254541,82.8427415725454,0.4142132111299034,0.7621274374640553,76.21274374640554,0.4877218085506785,0.6634984526246147,66.34984526246147,0.580087534235468
seed2,m_wv,10,layers.m_wv[10],512x512,float64,262144,512,35.494337187642834,217.44371052947935,7.658124724965938,0.0008306307429688094,7.658124724965938,45.62490472885139,9219.649994646905,0.9931612032722242,99.31612032722242,0.08269701764740833,0.9759548154723352,97.59548154723352,0.15506509770952584,0.9401437011447992,94.01437011447992,0.24465546970219332,0.8746254638438845,87.46254638438845,0.35408266853393927,0.8260219853731944,82.60219853731944,0.4171067185107495,0.7617155794217881,76.17155794217881,0.4881438523408974,0.6762020456345863,67.62020456345863,0.5690324721537547,0.5584968849759242,55.84968849759242,0.6644570076566849
seed2,m_wv,11,layers.m_wv[11],512x512,float64,262144,512,39.04191390312286,210.62875153008883,7.423730498135732,0.00364442138518047,7.423730498135732,46.38608795131112,2037.0121107079697,0.993649290438572,99.3649290438572,0.0796913393125503,0.9778780698306297,97.78780698306298,0.14873442832569148,0.9447065369640156,94.47065369640157,0.23514562091602806,0.8836449827910651,88.36449827910651,0.3411085123665707,0.8373218754682465,83.73218754682466,0.4033337631934047,0.7763985482312363,77.63985482312363,0.4728651517808895,0.6937128073830567,69.37128073830567,0.5534321933326098,0.5764833811613939,57.648338116139385,0.6507815446358372
seed2,m_w_read,0,layers.m_w_read[0],512x512,float64,262144,512,2.9547483959549936,39.67888633460402,24.29172571445764,0.0004717860137219881,24.29172571445764,41.75597428906168,51488.86361173936,0.9993639295874168,99.93639295874168,0.025220436407468814,0.9977485718166875,99.77485718166875,0.047449216888295176,0.9942984216579573,99.42984216579573,0.07550879645473538,0.9875847123413594,98.75847123413594,0.11142390972605763,0.9817241660662104,98.17241660662104,0.1351881427263117,0.9708158345232072,97.08158345232071,0.17083373635436536,0.9455378075467966,94.55378075467966,0.23337136168176972,0.883813828121973,88.3813828121973,0.34086092747340085
seed2,m_w_read,1,layers.m_w_read[1],512x512,float64,262144,512,8.545482335541116,127.89210266435373,15.697505904029969,0.0021093970747311833,15.697505904029969,45.887980538468895,7441.702698876845,0.996492706532375,99.6492706532375,0.0592224068037176,0.9874177598688731,98.74177598688732,0.11217058496382576,0.9676069380966655,96.76069380966655,0.17998072647740498,0.929075180365372,92.9075180365372,0.26631714108301036,0.897854323256918,89.7854323256918,0.3196023728683533,0.8542435214768254,85.42435214768254,0.38178066808466693,0.7915490592239774,79.15490592239775,0.4565642789093586,0.6975398568048801,69.753985680488,0.5499637653474272
seed2,m_w_read,2,layers.m_w_read[2],512x512,float64,262144,512,13.09738748961406,151.96426889410205,13.255414622072259,0.0002868107851621082,13.255414622072259,47.97176030047414,46216.58357296491,0.9957909258585129,99.5790925858513,0.06487737773282054,0.9850704636063078,98.50704636063078,0.12218648204155896,0.962076823149579,96.20768231495789,0.1947387399836535,0.9177845637329628,91.77845637329628,0.2867323425549291,0.8829916753762528,88.29916753762528,0.342064795943323,0.8350880129268734,83.50880129268734,0.4060935693570222,0.7670017128944876,76.70017128944876,0.48269896116058963,0.6655214461579089,66.5521446157909,0.5783412088396357
seed2,m_w_read,3,layers.m_w_read[3],512x512,float64,262144,512,15.91834581365759,167.09849646363452,12.094571915093466,0.001374072102933613,12.094571915093466,48.254683204714425,8801.992187507356,0.9952267803339795,99.52267803339795,0.06908849155988653,0.9831075626341378,98.31075626341378,0.12997090969083125,0.957324754772595,95.7324754772595,0.20657987614335757,0.9078966718801948,90.78966718801948,0.3034853013241418,0.8693778757694987,86.93778757694986,0.36141682892541316,0.8171380004189033,81.71380004189032,0.4276236658337524,0.7447729989606553,74.47729989606553,0.5051999614403634,0.6403954200525799,64.03954200525799,0.5996703927554037
seed2,m_w_read,4,layers.m_w_read[4],512x512,float64,262144,512,31.047897832952046,205.96023890998646,8.831082698967844,0.0012274633820680764,8.831082698967844,49.207358473594844,7194.579347930448,0.9939264375637026,99.39264375637026,0.07793306381952027,0.978345405034352,97.83454050343519,0.14715500319611302,0.9455298164635604,94.55298164635605,0.23338848201322965,0.8846730925388676,88.46730925388677,0.33959815585649517,0.8382689270900205,83.82689270900205,0.4021580198255152,0.7767625321604241,77.67625321604241,0.47248012427992764,0.6930610080386768,69.30610080386768,0.554020750479008,0.5773724053398184,57.73724053398184,0.6500981423294344
seed2,m_w_read,5,layers.m_w_read[5],512x512,float64,262144,512,20.301850426399795,206.39091818301713,11.160393753515553,0.0002816913117783461,11.160393753515553,50.286027582414526,39619.23313523176,0.9933272910177955,99.33272910177955,0.08168665118735442,0.9766771050253965,97.66771050253965,0.1527183517937628,0.9416563909398917,94.16563909398917,0.24154421760851214,0.8780966429071333,87.80966429071333,0.3491466126040273,0.8302822363356841,83.02822363356842,0.41196815855635727,0.7673377696175523,76.73377696175523,0.4823507337845022,0.6834723924428676,68.34723924428675,0.5626078630423968,0.5686525160370347,56.86525160370347,0.6567704956550388
seed2,m_w_read,6,layers.m_w_read[6],512x512,float64,262144,512,18.90778917577098,209.8439880930713,11.512455302768693,0.005267571484560753,11.512455302768693,50.059710379120546,2185.5337581106755,0.9932206407543946,99.32206407543947,0.08233686443875157,0.9762059412801227,97.62059412801227,0.1542532292040503,0.9405534064907989,94.0553406490799,0.24381672114356948,0.8755433803815572,87.55433803815572,0.35278409774030745,0.8270331524415532,82.70331524415532,0.4158928318190238,0.7632458934805729,76.32458934805729,0.48657384487806893,0.6778726398544155,67.78726398544154,0.5675626486526263,0.5606999709633803,56.06999709633803,0.6627971250968275
seed2,m_w_read,7,layers.m_w_read[7],512x512,float64,262144,512,14.871073760558062,192.71372131186632,12.96861079282872,0.003358808410429372,12.96861079282872,50.01089427461882,3861.074883747502,0.9936453811240938,99.36453811240938,0.07971586338932897,0.977664359644291,97.76643596442909,0.14945113032596644,0.944005158049286,94.4005158049286,0.23663229270476593,0.8831799696018539,88.31799696018538,0.34178945331614047,0.8372558345015753,83.72558345015753,0.40341562376589324,0.7767074090108071,77.67074090108072,0.472538454508406,0.6957980429191472,69.57980429191471,0.5515450635087334,0.583883730784517,58.38837307845171,0.6450707474498305
seed2,m_w_read,8,layers.m_w_read[8],512x512,float64,262144,512,12.807620074931156,169.6223366996495,14.131809062754964,0.0009235326311083933,14.131809062754964,50.57454439415076,15301.905516640418,0.994016934493041,99.40169344930409,0.0773502780018213,0.9785931588426726,97.85931588426726,0.14631076910920598,0.9464311642757814,94.64311642757815,0.23144942368521584,0.8878166279781183,88.78166279781183,0.33493786292666533,0.8440062427471496,84.40062427471496,0.39496045023881865,0.7864151829600969,78.64151829600969,0.4621523742662187,0.7101614526303957,71.01614526303956,0.5383665548393626,0.6065086451164029,60.65086451164029,0.6272888926831058
seed2,m_w_read,9,layers.m_w_read[9],512x512,float64,262144,512,17.160141198223666,175.91088144069667,12.304658420862216,0.0004946781750138646,12.304658420862216,50.97180237738817,24874.067711835774,0.9939574923129898,99.39574923129898,0.07773356859819444,0.9789186739716568,97.89186739716568,0.14519409777378428,0.9473991811131638,94.73991811131638,0.22934868407478645,0.8892384457449638,88.92384457449639,0.3328085850080136,0.8457576409617772,84.57576409617772,0.3927370100184382,0.7880175076315629,78.80175076315629,0.46041556486334945,0.7113477269000495,71.13477269000495,0.5372636904723327,0.6062099088811287,60.62099088811287,0.6275269644556091
seed2,m_w_read,10,layers.m_w_read[10],512x512,float64,262144,512,20.23101676153294,212.88855519580693,11.360693080050343,0.003602800900024801,11.360693080050343,51.09915071439052,3153.294726881005,0.9928547270755773,99.28547270755773,0.08452971622111768,0.9747031254654357,97.47031254654357,0.15904991208599992,0.937198400979573,93.7198400979573,0.2506024720956021,0.8698421649146612,86.98421649146611,0.36077393903293353,0.8200719559015092,82.00719559015091,0.42417925939217116,0.7548125374402727,75.48125374402727,0.4951640764026883,0.6689593657066241,66.8959365706624,0.5753613076088588,0.55326046537654,55.326046537653994,0.6683857678193486
seed2,m_w_read,11,layers.m_w_read[11],512x512,float64,262144,512,22.112653771340472,211.38185179994096,11.082442517509541,0.0021549602852096402,11.082442517509541,52.11418140517082,5142.759517923743,0.9929389340518467,99.29389340518468,0.08403014904278854,0.9751645209295395,97.51645209295395,0.15759276338227102,0.93858476629727,93.858476629727,0.24782097107131604,0.8720273399271801,87.20273399271801,0.3577326656496719,0.822162648663063,82.2162648663063,0.42170766098914664,0.7570682811107342,75.70682811107342,0.4928810392876417,0.6714969933767109,67.14969933767108,0.5731518181278754,0.555325538568788,55.5325538568788,0.6668391570920322
seed2,m_w_out,0,layers.m_w_out[0],512x512,float64,262144,512,4.982806330773209,67.42362106242918,18.936117137519005,5.159758938618725e-05,18.936117137519005,42.26958025508746,366996.1593707366,0.9993723224735005,99.93723224735005,0.025053493299328614,0.9978073996074547,99.78073996074546,0.04682521107849188,0.994428094781837,99.4428094781837,0.07464519554641796,0.9876553819244192,98.76553819244191,0.11110633679309587,0.9811509964141532,98.11509964141531,0.1372916734031851,0.9677965836273928,96.77965836273928,0.17945310354687977,0.9350066146758795,93.50066146758795,0.2549380029029028,0.8516430127839159,85.16430127839159,0.38517137382739663
seed2,m_w_out,1,layers.m_w_out[1],512x512,float64,262144,512,4.238333108504417,98.006339490123,20.768047603993896,0.0013767940969465252,20.768047603993896,42.755620536499606,15084.352591323268,0.9958406818323046,99.58406818323046,0.06449277608922907,0.9853136995530813,98.53136995530814,0.12118704735621977,0.9625194547609771,96.25194547609772,0.1935989288168271,0.9193495303111957,91.93495303111958,0.2839902633697224,0.8858922664576391,88.5892266457639,0.3377983622552971,0.8402772918313292,84.02772918313292,0.3996532349032982,0.7773042303003375,77.73042303003375,0.4719065264431745,0.6867760584586494,68.67760584586495,0.5596641327987265
seed2,m_w_out,2,layers.m_w_out[2],512x512,float64,262144,512,5.512072366596421,127.7915951978095,18.524128164579636,0.0010631724690116234,18.524128164579636,43.49058329596538,17423.44605838088,0.9950228661450707,99.50228661450707,0.0705488047732154,0.9823747501365165,98.23747501365165,0.13276012151050276,0.9552446320845128,95.52446320845128,0.21155464522313655,0.9046785536940475,90.46785536940475,0.3087417145543383,0.8664222779297114,86.64222779297114,0.36548286152744375,0.8149909120712567,81.49909120712567,0.4301268277249668,0.7451769829147418,74.51769829147418,0.5047999773031475,0.6463803492797457,64.63803492797457,0.5946592727943072
seed2,m_w_out,3,layers.m_w_out[3],512x512,float64,262144,512,6.437523487868071,138.01858206314117,17.591976112503183,0.00034976051121875256,17.591976112503183,44.634845922517755,50297.2049394694,0.9948096690192754,99.48096690192753,0.07204395172895942,0.9816146222422649,98.1614622242265,0.135592690650105,0.9539357994899098,95.39357994899098,0.2146257219209529,0.9021027486716399,90.21027486716399,0.3128853645160798,0.8625946754058466,86.25946754058465,0.37068224208094114,0.8098127664272929,80.9812766427293,0.4361046131064278,0.738813509774371,73.8813509774371,0.5110640764381987,0.639916707311353,63.9916707311353,0.6000694065594805
seed2,m_w_out,4,layers.m_w_out[4],512x512,float64,262144,512,7.719687669927574,167.0602625082703,16.129763676583362,0.0031033021480667954,16.129763676583362,44.815461105036576,5197.61302863513,0.993568153354892,99.3568153354892,0.08019879453650151,0.9772506900347039,97.7250690034704,0.15082874382986858,0.943054972151701,94.30549721517009,0.2386315734522551,0.8811478505778131,88.1147850577813,0.3447494009018535,0.8351176669883983,83.51176669883984,0.40605705634996875,0.7751588797303769,77.51588797303769,0.47417414550945636,0.6961865579820078,69.61865579820078,0.5511927448887478,0.5899023358427029,58.99023358427029,0.6403886820965039
seed2,m_w_out,5,layers.m_w_out[5],512x512,float64,262144,512,6.906728874629671,166.5519531180628,17.312452609805554,0.000878415210392203,17.312452609805554,45.498261408178514,19708.73500935364,0.9929157272717759,99.2915727271776,0.08416812180525413,0.9753828713871674,97.53828713871674,0.15689846593524298,0.9392302308475509,93.92302308475509,0.24651525135871236,0.8742741540711926,87.42741540711926,0.3545784058974932,0.8262523426310758,82.62523426310759,0.41683048997035255,0.7643092122276764,76.43092122276765,0.4854799560973898,0.6834065168554687,68.34065168554687,0.5626664048479625,0.5752178131279052,57.52178131279052,0.6517531640675746
seed2,m_w_out,6,layers.m_w_out[6],512x512,float64,262144,512,7.39734415405561,178.6003318233746,16.988294699165134,0.0012358585983815369,16.988294699165134,46.20486421737875,13746.147594403412,0.9925026292237662,99.25026292237662,0.08658735921734652,0.9741238989906582,97.41238989906581,0.1608605017067328,0.9359837715296078,93.59837715296078,0.2530142851113198,0.8676882591517128,86.76882591517128,0.36374680871216897,0.8173007468541693,81.73007468541694,0.4274333318142499,0.7524585577195481,75.24585577195481,0.49753536786891034,0.6677630370517044,66.77630370517043,0.5764000025575083,0.5550665342802517,55.50665342802517,0.6670333317906597
seed2,m_w_out,7,layers.m_w_out[7],512x512,float64,262144,512,8.837141498210043,194.19296238433165,15.364066948596156,0.001023609929474893,15.364066948596156,45.67326885535454,15009.689244102827,0.9922939070744885,99.22939070744886,0.08778435467389106,0.9734651635461818,97.34651635461819,0.16289517013655794,0.9342639409973652,93.42639409973653,0.2563904424947131,0.8640544879896128,86.40544879896129,0.3687078952373914,0.8121673584599228,81.21673584599229,0.4333966330511546,0.7450194906751471,74.5019490675147,0.5049559479052137,0.6574570863312891,65.74570863312891,0.5852716580090914,0.5411788128238928,54.11788128238928,0.6773634085010107
seed2,m_w_out,8,layers.m_w_out[8],512x512,float64,262144,512,13.118580433182544,203.43380251193543,12.308914465322784,0.002378547397227145,12.308914465322784,44.58237237346447,5174.971278551031,0.9921142488692813,99.21142488692813,0.0888017518448744,0.9725619055924564,97.25619055924564,0.16564448197130996,0.9321868562358954,93.21868562358954,0.26040956926369785,0.8599387977848836,85.99387977848836,0.3742475146412016,0.8067451629232347,80.67451629232347,0.4396075944257165,0.7381252857148698,73.81252857148698,0.5117369580996962,0.6501715922496583,65.01715922496582,0.591462938610985,0.5345769573597625,53.45769573597625,0.682219204244675
seed2,m_w_out,9,layers.m_w_out[9],512x512,float64,262144,512,8.356695214365175,189.9506324652346,15.733677214895005,0.0006606623827072097,15.733677214895005,45.48283401570354,23815.003891129378,0.9921410450218713,99.21410450218713,0.08865074719441861,0.9727363560518818,97.27363560518818,0.16511706134775472,0.9324582131695661,93.24582131695661,0.25988802748574985,0.8603895798190807,86.03895798190807,0.3736447780725957,0.8075102660048699,80.75102660048698,0.4387365200152936,0.7398070270180502,73.98070270180503,0.5100911418383481,0.6527548541538098,65.27548541538098,0.5892751020077042,0.5391416816295388,53.91416816295388,0.678865464116758
seed2,m_w_out,10,layers.m_w_out[10],512x512,float64,262144,512,6.964317575333962,176.04699450995355,17.275227731605483,0.0011080647176623193,17.275227731605483,45.589314774557,15590.450139095645,0.9922321466794888,99.22321466794888,0.08813542602444956,0.9729728765381366,97.29728765381365,0.1643992806002004,0.933252795309298,93.3252795309298,0.25835480388547444,0.8632922327701241,86.32922327701242,0.36974013472961775,0.8120980314839262,81.20980314839262,0.4334766066537775,0.7460934306385602,74.60934306385602,0.5038914261638512,0.6612090113214932,66.12090113214933,0.582057547565966,0.5504998856293469,55.04998856293469,0.6704476969687144
seed2,m_w_out,11,layers.m_w_out[11],512x512,float64,262144,512,6.918840317848502,176.62151644691463,17.647117976835553,0.0022050967239520465,17.647117976835553,46.41842952185559,8002.877055301144,0.9920706321892784,99.20706321892784,0.08904699776366198,0.9725729739430677,97.25729739430678,0.16561106864256464,0.932722328398571,93.27223283985711,0.2593793970257255,0.8616824854086,86.16824854086,0.3719106271557724,0.809805470090358,80.9805470090358,0.43611297837789925,0.7436953936279378,74.36953936279377,0.5062653517396408,0.6584898610206483,65.84898610206483,0.5843886882712154,0.5466828545302536,54.668285453025355,0.6732883078368036
